o_place,d_place,cnt,o_lat,o_lon,d_lat,d_lon
Utah,North Carolina,5,40.194,-112.023,35.621,-80.045
North Carolina,Iowa,4,35.468,-79.429,42.034,-93.466
Mississippi,Tennessee,215,34.584,-89.833,35.204,-89.512
Virginia,Illinois,10,37.539,-77.805,41.693,-87.863
Colorado,Texas,136,39.406,-105.27,31.529,-97.749
Maine,Rhode Island,2,44.812,-68.795,41.567,-71.488
Massachusetts,Tennessee,3,42.123,-70.858,35.101,-88.696
Montana,South Dakota,1,47.937,-107.713,43.787,-99.338
New Jersey,Arkansas,2,40.744,-74.286,34.672,-91.745
Arkansas,California,15,34.903,-92.473,36.121,-119.729
North Carolina,Colorado,18,35.378,-80.457,39.222,-105.635
North Carolina,Missouri,9,35.523,-79.91,38.466,-92.153
Kansas,Oregon,4,39.229,-98.512,44.572,-121.12
Louisiana,Nebraska,1,29.983,-90.011,41.276,-96.053
New Hampshire,Alabama,1,44.053,-71.128,32.576,-86.681
Arizona,Arizona,40369,33.357,-111.881,33.379,-111.88
District of Columbia,Alabama,3,38.899,-77.014,33.124,-86.656
Nevada,Oregon,13,37.091,-116.187,45.183,-122.743
Virginia,Wyoming,2,36.817,-76.177,44.195,-109.457
Wyoming,South Carolina,1,43.511,-104.954,34.941,-81.018
District of Columbia,North Carolina,27,38.898,-77.021,35.503,-79.83
New Hampshire,Florida,3,43.177,-71.44,27.256,-80.744
South Carolina,Missouri,1,33.689,-78.887,36.644,-93.219
Ohio,Virginia,12,39.962,-83.025,38.035,-78.16
Wyoming,Washington,5,43.51,-109.223,47.196,-121.779
Kansas,California,53,38.643,-98.017,35.381,-119.452
Michigan,West Virginia,2,42.547,-83.799,39.037,-80.027
New Jersey,Washington,2,40.848,-74.438,47.752,-122.247
Kansas,Maine,1,39.059,-95.775,45.213,-67.667
Rhode Island,Massachusetts,208,41.82,-71.42,42.037,-71.326
New York,New Hampshire,6,41.57,-74.639,43.619,-71.442
Wisconsin,Massachusetts,3,43.539,-87.964,42.266,-71.049
Kansas,Georgia,9,39.187,-98.468,33.221,-84.161
Nebraska,Wyoming,2,41.127,-97.999,41.451,-105.924
Nebraska,Nebraska,8608,41.132,-96.602,41.147,-96.706
Kentucky,Pennsylvania,14,37.764,-84.716,40.296,-77.581
Utah,Idaho,29,40.576,-111.934,44.16,-114.0
Alabama,Minnesota,4,33.42,-86.128,46.308,-93.428
California,Arizona,318,34.34,-118.039,33.821,-112.074
Montana,Idaho,6,47.42,-112.791,44.938,-114.119
Kansas,Minnesota,5,38.958,-95.936,44.658,-93.161
New Hampshire,New York,5,43.542,-71.386,41.229,-74.485
Nevada,New Jersey,16,36.213,-115.28,40.433,-74.291
Illinois,Nevada,15,41.795,-87.814,36.122,-115.143
Minnesota,Oregon,5,45.357,-93.959,44.817,-122.301
Illinois,Maine,3,37.16,-88.728,44.758,-69.437
Rhode Island,Iowa,1,41.699,-71.437,41.977,-91.683
Florida,Kentucky,13,27.704,-81.552,37.794,-85.718
Indiana,Nebraska,6,40.939,-85.987,41.319,-98.602
Oklahoma,Pennsylvania,9,35.737,-97.236,40.185,-75.701
Texas,Rhode Island,1,32.91,-96.852,41.757,-71.458
Pennsylvania,Tennessee,13,40.029,-76.602,36.014,-86.548
Indiana,California,24,40.273,-85.932,35.45,-119.504
Mississippi,Arkansas,15,33.701,-89.687,35.134,-91.433
Indiana,Indiana,30907,40.118,-86.208,40.109,-86.216
Washington,Kansas,2,46.918,-120.732,37.695,-97.276
Utah,Georgia,6,40.506,-111.968,33.465,-84.222
Arkansas,Michigan,1,36.442,-93.816,42.337,-83.051
Georgia,Mississippi,32,33.633,-84.419,32.762,-89.587
Virginia,Wisconsin,2,37.702,-79.198,43.755,-90.433
Louisiana,Alabama,56,30.557,-91.098,32.404,-86.956
Georgia,Maryland,36,33.585,-84.113,39.125,-76.725
Mississippi,West Virginia,3,32.972,-89.19,39.301,-79.397
Wyoming,Louisiana,2,43.631,-110.807,31.192,-91.65
Oregon,Oklahoma,1,45.769,-118.505,36.511,-95.064
Nebraska,Pennsylvania,2,41.118,-96.413,40.575,-79.349
North Carolina,Virginia,184,35.712,-79.489,37.387,-78.23
Missouri,New York,19,38.926,-93.173,41.166,-74.22
West Virginia,South Carolina,3,38.195,-81.337,33.735,-80.981
Florida,Alabama,113,29.458,-84.629,32.056,-86.768
Tennessee,Utah,4,35.57,-85.276,40.051,-112.122
Georgia,Massachusetts,15,33.647,-84.412,42.249,-71.02
Wisconsin,Washington,5,43.232,-88.146,47.516,-121.636
Nevada,Colorado,34,36.229,-115.225,39.249,-105.445
Texas,Ohio,38,31.425,-96.524,39.914,-83.231
Massachusetts,Alabama,2,42.364,-71.376,33.457,-86.799
North Carolina,Kentucky,9,35.462,-80.57,38.216,-85.23
New York,Texas,89,40.834,-74.072,31.042,-97.354
New Hampshire,Massachusetts,205,42.962,-71.397,42.475,-71.325
South Dakota,Texas,3,43.286,-98.426,31.385,-96.263
California,Missouri,29,34.345,-118.589,38.46,-92.532
Oklahoma,Washington,6,35.671,-96.466,47.889,-121.483
California,Maryland,29,34.135,-118.25,39.114,-76.715
Rhode Island,New Hampshire,5,41.747,-71.42,43.098,-71.279
Pennsylvania,Maryland,137,40.049,-76.396,39.227,-76.723
Vermont,New Jersey,2,44.507,-73.028,40.244,-74.767
Idaho,Georgia,3,43.249,-115.474,33.576,-84.297
Ohio,Vermont,2,40.601,-81.387,43.693,-72.739
Rhode Island,Maryland,1,41.636,-71.174,39.285,-76.62
Oregon,Iowa,2,44.208,-123.294,42.193,-92.044
Florida,Maryland,41,27.495,-81.358,39.157,-76.807
Arizona,Louisiana,7,33.377,-112.593,31.137,-91.463
Wisconsin,Maryland,2,44.266,-89.032,38.744,-75.894
Nevada,Idaho,13,38.109,-116.372,43.789,-116.073
Alabama,Idaho,3,32.445,-86.119,43.105,-114.363
Missouri,Georgia,15,38.749,-91.579,33.548,-83.808
Missouri,North Dakota,1,37.207,-93.249,47.925,-97.033
Idaho,Texas,6,43.492,-114.582,31.857,-98.538
Washington,Idaho,68,47.332,-119.153,46.17,-116.183
Georgia,New Jersey,34,33.719,-84.429,40.375,-74.383
New York,Washington,15,40.856,-74.069,47.49,-121.923
Alabama,Illinois,10,33.594,-86.926,41.273,-87.944
Illinois,District of Columbia,8,41.213,-88.316,38.892,-77.019
New Hampshire,Illinois,1,42.753,-71.504,41.834,-87.732
Illinois,Nebraska,13,41.537,-88.178,41.135,-97.077
California,Ohio,35,34.351,-118.571,40.449,-82.688
Pennsylvania,Virginia,67,40.223,-76.28,38.225,-77.989
District of Columbia,Maryland,1052,38.899,-77.012,38.966,-76.926
West Virginia,Tennessee,7,38.605,-80.627,35.982,-86.14
Kansas,Oklahoma,31,37.807,-96.784,35.958,-97.194
Illinois,Rhode Island,1,41.834,-87.732,41.699,-71.437
District of Columbia,Missouri,4,38.898,-77.015,38.351,-91.62
Maryland,Michigan,3,39.317,-77.367,42.58,-83.464
New Mexico,Idaho,1,35.605,-105.655,42.685,-114.918
New York,Kentucky,11,41.303,-74.711,37.409,-85.665
Arkansas,Louisiana,23,34.726,-92.3,31.078,-91.61
Ohio,Connecticut,3,40.151,-82.495,41.449,-72.937
Pennsylvania,Colorado,9,40.137,-76.336,39.433,-105.85
South Carolina,California,21,34.192,-81.483,36.202,-120.197
Arkansas,North Carolina,4,34.934,-92.518,35.632,-79.668
Utah,Kentucky,2,40.207,-112.39,38.009,-85.745
Pennsylvania,Georgia,33,40.183,-76.825,33.403,-83.877
Illinois,Michigan,55,41.458,-88.113,42.563,-84.448
South Dakota,Illinois,4,43.485,-98.869,41.884,-88.504
Kentucky,Arkansas,7,37.97,-85.497,35.385,-92.689
Florida,Colorado,42,27.453,-81.257,39.418,-105.388
Rhode Island,Vermont,1,41.577,-71.478,44.776,-72.377
Florida,California,177,27.394,-81.14,34.861,-118.84
South Dakota,California,3,44.526,-97.961,34.19,-117.95
California,Rhode Island,4,34.834,-118.733,41.724,-71.397
Louisiana,Pennsylvania,6,30.688,-91.84,40.892,-77.373
New York,Rhode Island,21,41.262,-74.599,41.668,-71.455
Nevada,Kentucky,10,36.139,-115.177,38.087,-85.755
Illinois,West Virginia,3,41.85,-87.698,39.315,-79.674
Missouri,Kansas,555,38.99,-94.372,38.805,-95.689
Alabama,Oklahoma,5,33.467,-86.772,35.825,-96.833
New Jersey,Oregon,5,40.75,-74.201,45.047,-122.017
Nevada,South Carolina,5,36.162,-115.154,33.948,-80.936
Massachusetts,Maryland,9,42.373,-71.236,39.231,-76.567
Utah,Pennsylvania,4,39.284,-112.2,40.691,-78.255
Missouri,Nevada,7,38.192,-91.961,37.711,-115.334
Georgia,Missouri,23,33.698,-84.241,38.374,-91.086
Nevada,Florida,36,36.4,-115.407,27.192,-81.125
Utah,Virginia,2,40.53,-111.806,38.022,-77.479
Indiana,New Hampshire,2,39.031,-84.98,42.799,-71.766
Arkansas,Minnesota,1,33.325,-91.265,43.657,-93.366
Nevada,Arizona,113,36.256,-115.253,34.768,-112.492
West Virginia,Ohio,129,39.024,-81.492,39.694,-82.089
Michigan,Kansas,5,42.693,-83.326,38.846,-100.024
Wisconsin,Colorado,9,43.39,-88.776,38.786,-106.342
Arkansas,Arizona,3,35.861,-93.057,33.268,-111.64
West Virginia,Arkansas,2,39.632,-81.224,34.738,-93.531
South Carolina,Minnesota,1,34.941,-81.018,46.0,-94.0
Pennsylvania,Washington,2,40.376,-77.147,46.449,-122.402
Florida,Tennessee,84,27.942,-81.661,35.751,-86.515
New York,South Carolina,17,40.858,-73.873,33.999,-80.505
Utah,Missouri,3,40.272,-111.846,39.408,-93.982
Massachusetts,Minnesota,2,42.401,-71.911,45.726,-93.408
Arkansas,Ohio,4,35.284,-92.769,39.887,-83.218
Missouri,Minnesota,10,38.827,-92.578,44.981,-93.61
Montana,Nevada,1,45.967,-112.517,39.246,-114.874
Missouri,California,41,38.626,-92.533,35.17,-119.534
South Carolina,Iowa,1,34.796,-82.342,42.956,-93.663
North Dakota,Virginia,1,46.434,-101.115,38.817,-77.091
Maryland,North Carolina,43,39.156,-76.696,35.459,-79.817
Arkansas,Oregon,2,35.607,-91.424,45.425,-122.587
Georgia,South Dakota,1,33.631,-84.47,43.541,-96.731
District of Columbia,Colorado,10,38.897,-77.022,39.468,-105.481
Pennsylvania,Indiana,9,40.405,-77.66,39.647,-86.017
Tennessee,Minnesota,6,36.092,-86.182,45.038,-93.423
Idaho,Massachusetts,3,43.57,-114.848,42.44,-71.163
Iowa,North Carolina,5,41.762,-92.681,35.432,-80.7
Maryland,Mississippi,2,39.176,-76.84,31.906,-89.349
New Jersey,Arizona,7,40.588,-74.258,33.729,-111.67
Minnesota,West Virginia,2,44.751,-93.269,38.49,-81.189
Ohio,New Jersey,15,40.026,-83.648,40.593,-74.409
Illinois,Connecticut,5,41.839,-87.719,41.712,-72.841
South Carolina,Indiana,6,33.474,-80.275,39.849,-86.205
Louisiana,Oregon,1,30.009,-90.253,45.51,-122.433
New Jersey,Alabama,5,40.637,-74.383,32.809,-86.495
Mississippi,Montana,1,34.015,-90.432,48.507,-111.856
California,Colorado,104,34.95,-119.025,39.055,-105.046
Maryland,Arkansas,3,39.08,-77.089,34.985,-93.986
Oklahoma,Georgia,13,35.148,-97.386,33.162,-83.826
Arizona,North Carolina,7,33.607,-111.665,35.568,-80.02
Wisconsin,Idaho,3,43.712,-88.005,45.963,-116.367
Texas,Maine,5,30.997,-96.662,44.424,-69.666
Minnesota,Kentucky,2,44.567,-94.483,38.456,-85.781
Tennessee,Tennessee,38922,35.809,-86.755,35.807,-86.748
Nevada,Alabama,6,36.099,-115.136,33.481,-86.206
Alabama,West Virginia,9,33.526,-86.816,38.803,-81.358
Kentucky,Oklahoma,4,38.317,-84.877,35.275,-96.551
Michigan,Michigan,37635,42.624,-83.949,42.626,-83.951
Connecticut,Ohio,2,41.311,-72.797,40.454,-82.579
Wisconsin,Minnesota,60,44.572,-91.081,45.45,-93.087
Tennessee,Arkansas,64,35.468,-88.82,34.928,-91.595
Iowa,Nebraska,68,41.414,-95.552,41.302,-96.523
New Jersey,Illinois,13,40.793,-74.158,41.07,-88.645
Illinois,Massachusetts,11,40.984,-88.042,42.341,-71.356
Delaware,Kansas,1,38.516,-75.053,37.634,-98.842
Illinois,Louisiana,7,41.86,-87.842,30.243,-90.535
Washington,Maryland,3,47.569,-122.316,39.018,-76.778
Georgia,Arizona,22,33.718,-84.07,33.663,-111.687
Oregon,Texas,9,45.183,-122.692,31.351,-97.399
Pennsylvania,Utah,4,40.107,-75.974,40.931,-112.001
Michigan,Indiana,92,42.393,-85.05,40.844,-86.148
California,Florida,156,34.622,-118.829,27.295,-81.154
Tennessee,Arizona,13,35.859,-85.634,33.751,-111.804
Colorado,New Jersey,7,39.461,-106.004,40.405,-74.373
Missouri,Pennsylvania,9,38.333,-91.727,40.232,-76.3
Iowa,Arkansas,1,41.977,-91.683,34.116,-93.534
New Hampshire,Michigan,2,43.216,-71.539,42.601,-82.91
Missouri,Indiana,20,38.33,-91.8,39.65,-86.448
Wisconsin,Nevada,4,43.677,-88.556,36.144,-115.169
Delaware,New York,10,39.135,-75.424,41.025,-73.972
California,Texas,299,34.629,-118.733,31.286,-97.8
Pennsylvania,California,76,40.371,-76.766,35.652,-119.607
Indiana,Georgia,25,39.864,-85.887,33.475,-83.966
Vermont,North Carolina,1,43.298,-72.482,35.595,-82.551
New Hampshire,District of Columbia,1,43.757,-71.691,38.899,-77.014
Delaware,Georgia,4,39.408,-75.611,33.295,-83.591
District of Columbia,Wisconsin,1,38.895,-77.037,43.037,-87.919
Indiana,Tennessee,25,39.78,-86.084,35.885,-85.964
Georgia,Idaho,1,33.384,-84.316,43.612,-116.4
Georgia,Alabama,308,33.438,-84.501,32.805,-86.397
District of Columbia,New Jersey,30,38.893,-77.021,40.446,-74.496
Colorado,Connecticut,3,39.71,-104.849,41.564,-72.848
Kentucky,Connecticut,1,37.601,-84.062,41.823,-71.808
New Jersey,Minnesota,2,40.459,-74.508,44.974,-93.298
Mississippi,Oklahoma,2,34.296,-90.18,35.751,-97.611
Oklahoma,Tennessee,9,35.711,-97.406,35.781,-87.439
South Dakota,Iowa,26,43.015,-96.637,42.158,-94.614
Wisconsin,Montana,1,43.479,-90.071,48.425,-109.294
Kentucky,Utah,1,38.196,-85.722,40.698,-112.099
New Jersey,Nebraska,5,40.745,-74.31,41.413,-99.308
Connecticut,New York,223,41.331,-73.168,41.133,-73.962
Minnesota,Missouri,5,44.211,-93.81,39.255,-93.294
Connecticut,Michigan,1,41.098,-73.554,42.436,-82.931
Texas,District of Columbia,18,31.101,-97.011,38.899,-77.021
Colorado,District of Columbia,4,39.524,-105.155,38.902,-77.027
Michigan,Oklahoma,2,42.454,-83.582,35.488,-97.525
Indiana,Louisiana,1,41.68,-86.291,31.79,-91.918
Nebraska,Texas,8,41.134,-96.733,31.212,-95.763
North Carolina,Georgia,181,35.524,-80.727,33.323,-83.696
New Jersey,Mississippi,1,40.769,-74.02,32.571,-89.876
Florida,District of Columbia,26,26.479,-80.644,38.898,-77.025
Georgia,Colorado,23,33.675,-84.29,39.503,-105.587
California,North Carolina,62,34.86,-119.058,35.432,-80.075
New Jersey,Michigan,8,40.581,-74.332,42.46,-83.997
North Carolina,Massachusetts,14,35.648,-79.249,42.298,-71.298
Nebraska,Arkansas,1,41.276,-96.053,34.752,-92.131
Maryland,Illinois,10,39.158,-76.965,41.742,-87.93
Maryland,Oklahoma,2,38.62,-76.686,36.481,-97.506
Maine,Tennessee,1,43.626,-70.285,36.2,-86.792
New York,Nebraska,1,40.85,-73.849,40.803,-96.697
Texas,Connecticut,4,31.459,-97.231,41.595,-72.713
Alabama,Texas,54,33.264,-87.145,30.869,-96.56
Nevada,Wyoming,1,39.512,-119.827,41.596,-109.237
Montana,Wyoming,3,46.55,-111.527,43.745,-108.49
District of Columbia,New Mexico,4,38.89,-77.033,34.533,-106.172
Nebraska,Iowa,90,41.285,-96.286,41.548,-95.042
North Carolina,Minnesota,4,35.624,-80.594,45.386,-93.329
Oklahoma,Michigan,4,35.236,-97.546,42.329,-83.201
Utah,Connecticut,2,38.746,-110.766,41.685,-72.676
New York,Mississippi,1,40.721,-74.001,31.582,-88.54
New York,Idaho,1,40.655,-73.949,43.684,-114.382
Florida,Wisconsin,9,26.462,-80.676,43.05,-88.012
Connecticut,Texas,6,41.278,-73.049,31.748,-97.749
Washington,Wyoming,6,47.167,-120.458,42.871,-108.95
Georgia,Washington,10,33.823,-83.725,47.448,-121.873
Arizona,New Jersey,11,33.98,-111.735,40.607,-74.267
New Mexico,South Dakota,1,35.087,-106.651,45.75,-101.2
Michigan,Connecticut,2,42.609,-83.551,41.561,-72.904
North Carolina,South Carolina,431,35.239,-80.646,34.255,-80.873
Maine,Indiana,2,44.323,-69.731,40.447,-85.467
Maryland,Kentucky,4,39.345,-76.978,38.25,-85.492
Pennsylvania,New Hampshire,2,40.337,-77.699,43.502,-71.63
Texas,North Carolina,38,31.08,-96.821,35.444,-80.004
North Dakota,Montana,4,48.134,-102.305,47.4,-109.697
North Dakota,Pennsylvania,1,48.923,-98.438,40.155,-75.221
Louisiana,Idaho,1,29.983,-90.011,43.598,-116.238
Ohio,Missouri,19,40.337,-82.978,38.447,-91.964
Mississippi,Oregon,1,34.362,-89.559,44.053,-123.126
Connecticut,Oklahoma,1,41.731,-72.836,36.109,-95.914
New York,California,239,40.932,-74.19,34.949,-119.112
Wisconsin,Iowa,16,43.267,-89.741,42.211,-92.438
New York,New Mexico,9,40.908,-74.193,35.629,-105.951
Arizona,New Mexico,67,34.07,-111.305,34.485,-106.688
Georgia,North Carolina,190,33.572,-83.786,35.54,-80.416
Pennsylvania,Maine,2,40.254,-75.357,44.642,-69.588
Wyoming,Texas,10,42.429,-107.41,31.121,-98.725
Mississippi,Texas,68,32.659,-89.861,31.317,-97.406
District of Columbia,California,47,38.898,-77.019,35.632,-119.62
Missouri,Kentucky,14,38.936,-92.404,37.769,-85.802
California,Nevada,475,35.558,-118.89,37.035,-116.28
West Virginia,West Virginia,5034,38.886,-80.941,38.895,-80.898
Indiana,North Dakota,1,38.003,-87.575,46.83,-100.764
Kentucky,Missouri,13,37.302,-86.761,38.439,-91.42
Connecticut,District of Columbia,5,41.412,-72.945,38.897,-77.023
Georgia,Oklahoma,6,33.596,-84.004,35.587,-96.951
Oregon,North Carolina,4,45.399,-122.715,35.644,-80.652
Georgia,Utah,4,33.628,-84.205,40.263,-111.686
Indiana,Iowa,6,41.168,-87.023,41.703,-92.22
Kansas,Florida,11,39.471,-99.345,27.836,-81.264
Wyoming,Oklahoma,1,41.254,-110.966,35.309,-98.717
Washington,Louisiana,2,47.507,-122.309,29.992,-90.095
Idaho,Colorado,7,42.913,-114.116,39.93,-105.931
Massachusetts,Georgia,10,42.322,-71.183,33.687,-84.242
West Virginia,North Carolina,16,38.302,-81.359,35.592,-80.031
Maine,Montana,1,44.572,-68.476,47.0,-110.0
New Jersey,South Carolina,5,40.195,-74.783,34.053,-80.973
Montana,Colorado,1,45.688,-111.083,39.743,-105.23
Arkansas,Oklahoma,54,35.382,-93.887,35.371,-96.619
Oklahoma,Montana,2,35.0,-98.75,47.0,-110.0
Illinois,Tennessee,29,41.118,-88.439,35.908,-86.435
Illinois,Kansas,16,41.167,-88.403,39.454,-99.32
South Dakota,Tennessee,1,45.462,-98.464,36.2,-86.792
Massachusetts,Kentucky,1,42.429,-71.055,38.222,-85.614
Utah,Maine,1,40.766,-111.917,44.327,-69.784
Arizona,Kansas,13,33.265,-111.479,38.882,-98.362
New Mexico,Indiana,2,35.246,-104.903,41.156,-87.33
Massachusetts,Wisconsin,1,42.276,-71.812,43.057,-87.967
North Dakota,South Dakota,2,46.473,-99.235,45.476,-98.477
California,Minnesota,18,34.512,-118.51,45.337,-93.394
Texas,New Jersey,29,30.398,-96.977,40.492,-74.388
Maryland,South Dakota,1,38.753,-76.992,44.213,-100.247
Tennessee,Vermont,1,36.165,-86.784,43.872,-72.451
Nevada,Arkansas,1,38.171,-117.852,35.995,-89.886
North Carolina,Nevada,6,35.335,-80.494,36.133,-115.165
New York,Florida,151,40.953,-74.063,27.19,-80.985
Utah,New Jersey,1,41.111,-112.026,40.519,-74.412
Tennessee,North Carolina,66,35.901,-85.094,35.437,-81.129
Nebraska,Arizona,7,41.155,-97.051,33.815,-111.939
District of Columbia,South Carolina,13,38.897,-77.023,34.238,-81.197
California,Montana,4,35.627,-119.71,46.492,-111.144
Texas,Oregon,12,30.519,-97.566,44.631,-122.503
Texas,New Hampshire,1,31.765,-106.46,43.228,-71.543
Maryland,Tennessee,11,38.946,-76.685,35.922,-86.223
Indiana,Texas,16,40.018,-86.346,31.688,-97.875
West Virginia,Massachusetts,1,38.162,-80.584,42.119,-71.103
Indiana,Kentucky,199,38.659,-86.14,38.069,-85.745
New Mexico,Texas,158,33.426,-106.132,32.004,-101.197
New York,Nevada,19,40.826,-74.206,36.57,-115.506
Wisconsin,Illinois,181,42.913,-88.348,41.895,-88.171
South Carolina,Pennsylvania,10,33.905,-80.627,40.804,-77.772
Nevada,Massachusetts,9,37.576,-117.059,42.306,-71.266
Ohio,Idaho,1,41.496,-81.705,45.495,-114.143
Arizona,West Virginia,1,33.869,-109.949,39.332,-80.453
Maryland,Kansas,3,39.213,-76.641,37.829,-97.674
Rhode Island,New York,12,41.784,-71.442,41.324,-74.534
Oklahoma,Nevada,5,35.441,-97.27,36.837,-115.99
North Carolina,Nebraska,1,35.227,-80.843,42.035,-97.453
Maryland,Virginia,1401,39.017,-76.825,38.727,-77.347
Virginia,Utah,1,38.298,-77.483,41.083,-111.968
Arizona,Massachusetts,9,33.567,-111.781,42.223,-71.401
Michigan,North Carolina,12,42.775,-83.909,35.524,-80.066
Kansas,Missouri,452,38.89,-95.014,38.976,-94.283
Maryland,Washington,1,39.114,-76.727,47.751,-120.74
Massachusetts,New Hampshire,222,42.531,-71.254,43.093,-71.433
South Carolina,Massachusetts,4,33.861,-80.293,42.164,-71.173
Mississippi,Connecticut,1,34.982,-88.762,41.58,-72.796
Minnesota,South Carolina,3,45.028,-93.236,33.527,-81.113
New Jersey,New Mexico,4,40.788,-74.329,35.301,-106.949
Idaho,Oklahoma,1,44.353,-115.489,36.404,-97.825
New Mexico,Tennessee,3,33.113,-106.654,36.281,-87.077
Iowa,Michigan,3,41.704,-92.522,42.784,-84.943
Washington,Arizona,12,47.197,-122.12,33.67,-112.024
Iowa,Alabama,1,41.663,-91.538,30.682,-88.057
New York,Indiana,18,41.202,-74.543,40.115,-86.112
Texas,Wisconsin,7,31.119,-97.298,43.506,-88.521
Massachusetts,Oregon,1,42.318,-71.238,44.943,-123.035
Washington,Maine,2,46.88,-122.696,43.892,-70.3
Kansas,New Hampshire,1,37.972,-100.873,42.836,-71.222
Illinois,Georgia,59,41.452,-87.969,33.51,-84.128
Nevada,Tennessee,5,36.335,-115.548,35.72,-86.431
Connecticut,Nevada,4,41.302,-73.243,36.114,-115.128
Kentucky,Nebraska,1,37.765,-87.102,40.234,-97.782
Tennessee,Massachusetts,5,35.726,-86.921,42.049,-70.954
Ohio,Mississippi,3,40.3,-84.179,31.404,-89.405
Missouri,Mississippi,4,37.747,-90.232,33.225,-89.562
North Carolina,Washington,6,35.464,-79.114,47.718,-121.931
Vermont,Rhode Island,1,44.01,-72.226,41.926,-71.442
Michigan,Oregon,6,42.475,-84.477,44.587,-122.537
California,Idaho,13,35.447,-119.262,43.681,-115.5
Nebraska,Nevada,2,40.581,-99.72,38.448,-114.644
Illinois,Texas,69,41.647,-87.912,31.007,-97.268
Texas,Minnesota,16,31.155,-97.167,45.655,-93.569
District of Columbia,Wyoming,1,38.895,-77.037,44.799,-106.959
Indiana,Missouri,29,39.373,-86.905,38.648,-92.011
Indiana,Wisconsin,23,40.267,-86.339,43.226,-88.298
Utah,Oklahoma,1,37.624,-109.482,35.538,-98.676
North Carolina,Illinois,18,35.619,-79.971,41.486,-88.467
New York,Pennsylvania,262,41.214,-74.649,40.674,-76.781
Nevada,Oklahoma,14,36.867,-116.272,35.324,-97.203
Ohio,South Dakota,2,40.266,-83.123,43.816,-101.772
Delaware,Virginia,20,39.094,-75.508,38.45,-78.092
Georgia,Georgia,64183,33.518,-84.05,33.399,-83.924
Connecticut,South Carolina,2,41.618,-72.797,34.475,-81.47
Colorado,Indiana,9,39.705,-104.982,40.737,-86.32
Texas,Louisiana,347,30.86,-95.862,30.855,-91.903
South Dakota,Colorado,2,43.541,-96.731,39.375,-105.355
Maine,Oregon,1,43.685,-70.28,45.464,-122.78
California,Wyoming,4,35.849,-120.211,43.808,-108.344
California,Indiana,21,34.01,-118.165,40.038,-86.271
District of Columbia,New Hampshire,1,38.899,-77.014,42.971,-71.444
Tennessee,District of Columbia,7,36.011,-87.024,38.897,-77.023
Florida,Oklahoma,9,27.395,-81.129,35.953,-97.326
New Jersey,Utah,6,40.507,-74.216,40.031,-111.982
Missouri,Connecticut,1,39.045,-94.581,41.308,-72.931
Colorado,Nevada,30,39.379,-105.266,36.746,-115.915
Illinois,New York,56,41.035,-88.228,41.244,-74.553
Michigan,Montana,1,42.271,-83.73,45.743,-111.064
Texas,Alabama,36,30.996,-96.072,32.729,-87.201
South Carolina,New Mexico,3,34.15,-81.059,34.558,-105.691
Arizona,Maine,4,33.503,-111.413,44.141,-69.724
Georgia,Michigan,29,33.566,-84.037,42.477,-83.364
Nebraska,New Mexico,1,41.743,-97.826,34.7,-108.595
Texas,Maryland,15,31.123,-97.452,39.181,-76.716
Arkansas,Vermont,1,33.777,-93.468,44.007,-73.164
South Dakota,Montana,1,44.207,-102.423,46.43,-113.519
Georgia,Rhode Island,1,33.544,-84.234,41.78,-71.437
Indiana,Pennsylvania,16,39.831,-86.199,40.378,-76.79
New Hampshire,Vermont,17,43.625,-72.139,43.738,-72.429
Nevada,North Carolina,9,36.145,-115.205,35.399,-80.211
Washington,South Carolina,2,47.607,-122.481,32.991,-79.975
Georgia,District of Columbia,28,33.89,-84.425,38.896,-77.028
Arizona,Oregon,19,33.443,-111.799,44.896,-122.345
Minnesota,Oklahoma,1,43.641,-94.1,34.89,-94.604
Iowa,Washington,3,41.581,-93.605,47.511,-119.136
Wisconsin,Indiana,20,43.168,-88.275,40.174,-86.12
Nebraska,North Dakota,1,40.931,-98.35,46.231,-97.56
Texas,California,277,31.336,-97.71,34.913,-118.804
Ohio,Kentucky,232,39.25,-84.161,38.675,-84.683
Utah,California,65,39.368,-111.981,35.074,-118.637
Missouri,Illinois,271,38.663,-90.757,39.279,-89.615
Minnesota,Maryland,3,44.898,-93.216,39.079,-76.657
West Virginia,California,11,39.228,-80.41,34.836,-118.982
Oregon,South Carolina,1,45.516,-122.625,34.939,-82.239
North Carolina,Texas,33,35.477,-80.033,31.381,-97.171
Arizona,Missouri,5,33.301,-111.786,38.994,-93.713
Ohio,Nevada,9,40.455,-82.668,36.086,-115.127
Michigan,Kentucky,12,42.564,-83.582,37.979,-85.005
Nevada,Texas,98,36.407,-115.442,31.181,-97.594
Kentucky,Maryland,1,38.196,-85.722,39.087,-77.163
New Hampshire,Connecticut,5,43.113,-71.268,41.587,-72.957
Iowa,Colorado,7,41.719,-93.488,39.489,-104.962
South Dakota,South Dakota,2200,43.841,-98.209,43.851,-98.309
Utah,Massachusetts,3,40.175,-111.332,42.255,-71.092
Iowa,Minnesota,29,42.521,-93.583,45.136,-93.564
Maine,Washington,1,44.822,-68.807,47.136,-122.303
Maine,Massachusetts,12,43.804,-70.256,42.397,-71.419
Kansas,Kentucky,5,38.639,-98.116,38.157,-85.679
Washington,Minnesota,3,47.524,-122.313,45.206,-93.205
District of Columbia,New York,49,38.899,-77.026,41.176,-74.57
New York,Illinois,49,40.829,-74.114,41.127,-88.121
Virginia,Kansas,2,38.181,-78.176,38.835,-99.933
Maryland,Vermont,1,38.926,-76.885,43.872,-72.451
California,Connecticut,10,34.999,-119.351,41.398,-73.003
Arizona,Colorado,42,34.287,-111.728,39.348,-105.482
New York,Minnesota,13,41.184,-74.467,45.394,-93.305
North Carolina,California,40,35.458,-80.437,35.075,-119.174
Washington,South Dakota,2,47.605,-122.331,44.171,-100.369
Wyoming,California,6,42.989,-106.364,36.007,-120.212
New Mexico,West Virginia,1,35.528,-108.743,38.245,-81.567
Ohio,Wyoming,1,41.284,-84.356,43.076,-107.29
Tennessee,New Hampshire,1,36.165,-86.784,44.311,-71.765
Maine,Ohio,1,44.401,-68.23,41.806,-80.776
Pennsylvania,New Mexico,3,40.137,-77.065,34.182,-106.673
Iowa,Illinois,110,41.623,-91.333,41.171,-89.485
North Carolina,North Carolina,48768,35.554,-79.862,35.537,-79.887
Utah,Kansas,4,40.488,-111.661,38.789,-98.722
Pennsylvania,Massachusetts,19,40.481,-76.148,42.319,-71.239
New Jersey,Maryland,57,40.116,-74.746,39.099,-76.652
Iowa,Kentucky,3,41.885,-93.296,37.043,-87.463
Louisiana,District of Columbia,2,29.954,-90.071,38.892,-77.021
Arkansas,Colorado,6,35.047,-93.262,39.391,-105.582
Colorado,South Carolina,5,39.489,-104.607,34.06,-80.899
Massachusetts,New Mexico,1,42.323,-71.142,34.592,-106.041
New Mexico,Virginia,2,33.722,-107.414,37.724,-76.714
California,Tennessee,44,35.846,-119.82,35.807,-86.849
Wyoming,Vermont,1,42.833,-108.731,44.26,-72.575
Michigan,Colorado,5,42.736,-84.924,39.704,-105.052
Nebraska,Virginia,2,41.24,-96.336,38.464,-78.421
Colorado,Oklahoma,14,39.626,-105.044,35.981,-99.24
Oregon,Massachusetts,4,44.946,-122.841,42.348,-71.201
New York,Georgia,89,40.815,-74.009,33.376,-83.911
Pennsylvania,Rhode Island,1,40.005,-75.118,41.817,-71.422
Oregon,Nevada,17,45.303,-122.649,37.682,-116.758
Missouri,South Dakota,1,39.1,-94.559,44.213,-100.247
Florida,Louisiana,56,28.563,-82.507,30.684,-91.502
North Carolina,Wisconsin,4,35.276,-80.859,44.399,-88.536
Nevada,Wisconsin,7,36.066,-115.136,43.667,-88.993
Texas,Virginia,33,30.851,-96.955,37.934,-78.153
Minnesota,Montana,2,46.214,-93.995,46.436,-108.873
Tennessee,Missouri,24,35.843,-87.771,38.259,-92.247
North Carolina,Michigan,14,35.496,-80.909,42.374,-84.294
Tennessee,Maryland,9,35.731,-86.678,39.179,-76.967
Oregon,Idaho,18,44.708,-119.694,44.624,-115.584
Colorado,Ohio,9,39.296,-104.935,40.275,-82.95
Arkansas,Pennsylvania,1,34.823,-91.559,40.164,-77.928
California,Washington,89,35.887,-119.747,47.274,-122.26
Washington,New Hampshire,1,47.676,-121.854,43.391,-72.195
Illinois,Iowa,120,41.556,-89.777,41.701,-91.442
New Hampshire,Georgia,1,42.891,-71.277,33.847,-84.516
Ohio,Louisiana,3,39.899,-83.55,30.207,-91.634
Oregon,Missouri,4,45.039,-122.809,38.518,-93.491
New Hampshire,Pennsylvania,4,43.232,-71.53,40.447,-77.121
North Dakota,Illinois,3,47.269,-98.817,40.89,-88.675
Oklahoma,New York,15,35.731,-97.541,41.486,-74.788
Colorado,Louisiana,18,39.472,-104.943,30.66,-91.756
Massachusetts,Michigan,7,42.386,-71.501,42.499,-83.88
Kentucky,Minnesota,3,37.486,-86.304,44.509,-93.101
New Mexico,Florida,9,33.415,-105.241,27.514,-81.42
Tennessee,Washington,9,35.943,-86.975,47.567,-122.095
Florida,Connecticut,11,27.011,-81.152,41.426,-73.081
North Dakota,Michigan,1,46.83,-100.764,42.747,-84.482
California,New Hampshire,1,34.182,-118.325,43.309,-70.96
Ohio,Iowa,7,40.339,-82.548,41.651,-93.005
West Virginia,Missouri,2,38.68,-81.977,38.857,-92.316
Texas,South Dakota,6,32.788,-96.691,44.03,-100.25
Mississippi,Nevada,1,31.324,-89.328,36.167,-115.149
Wyoming,Indiana,2,43.474,-110.776,40.472,-85.65
Wyoming,Wyoming,1265,42.28,-106.571,42.288,-106.567
Massachusetts,Connecticut,149,42.202,-71.918,41.648,-72.674
Iowa,Mississippi,3,42.66,-92.712,31.457,-89.472
Illinois,New Mexico,6,41.833,-87.793,35.174,-105.635
Florida,New York,148,27.103,-81.0,41.103,-74.225
North Carolina,Florida,85,35.379,-79.854,27.691,-81.5
District of Columbia,Washington,9,38.897,-77.021,47.57,-121.019
Wyoming,Kansas,1,41.139,-104.791,37.506,-101.697
Missouri,Oregon,3,37.968,-92.818,44.243,-122.563
Iowa,Virginia,2,42.438,-92.673,37.754,-77.394
Kentucky,Ohio,248,38.817,-84.466,39.439,-84.042
Indiana,Alabama,6,39.564,-86.971,33.762,-86.433
New York,New York,133407,41.185,-74.482,41.191,-74.483
New York,New Jersey,1474,40.801,-73.97,40.674,-74.184
Montana,New Hampshire,1,47.047,-111.37,42.891,-71.211
Alabama,Indiana,7,33.688,-87.047,38.907,-86.731
Colorado,Georgia,20,39.525,-104.938,33.284,-83.883
North Carolina,District of Columbia,18,35.607,-79.122,38.895,-77.02
District of Columbia,Illinois,9,38.897,-77.021,41.95,-88.274
Oklahoma,District of Columbia,2,35.994,-97.356,38.903,-77.025
Montana,Massachusetts,1,46.058,-114.05,42.345,-71.581
Georgia,Iowa,3,33.298,-84.602,41.711,-91.327
New York,Delaware,19,40.788,-73.928,39.439,-75.623
Missouri,West Virginia,2,38.736,-90.386,39.125,-79.678
Arizona,Minnesota,9,33.569,-111.878,45.019,-93.265
Vermont,Pennsylvania,2,44.391,-72.908,40.057,-75.814
South Carolina,Tennessee,19,34.077,-81.19,35.975,-85.138
Indiana,Delaware,1,39.769,-86.159,39.0,-75.5
New Jersey,Connecticut,25,40.702,-74.336,41.381,-72.949
New Hampshire,New Hampshire,3928,43.047,-71.366,43.086,-71.374
Maryland,Idaho,1,38.753,-76.992,45.495,-114.143
California,Kentucky,15,35.305,-119.454,38.033,-85.687
Nebraska,Ohio,2,41.727,-100.317,40.278,-82.783
North Carolina,Oregon,5,35.412,-81.261,45.494,-123.235
District of Columbia,Florida,33,38.898,-77.023,26.868,-80.862
New York,Wisconsin,3,41.467,-74.921,43.645,-89.238
Virginia,Indiana,11,37.766,-77.213,39.903,-86.235
Pennsylvania,North Carolina,31,40.144,-76.18,35.422,-79.835
Arizona,Alabama,5,33.117,-111.661,33.136,-86.546
Rhode Island,Rhode Island,5818,41.754,-71.441,41.753,-71.44
Missouri,Arkansas,30,37.591,-92.891,35.525,-92.779
New Hampshire,Texas,2,43.033,-71.133,29.596,-97.163
Tennessee,New York,26,35.869,-86.602,41.303,-74.558
Iowa,Texas,29,41.924,-93.18,30.928,-96.806
Kentucky,Louisiana,6,37.952,-85.818,30.479,-90.766
Wyoming,Georgia,1,43.474,-110.776,34.162,-84.483
Kansas,Nevada,15,38.754,-100.098,36.379,-115.513
Louisiana,Utah,1,30.459,-91.091,40.572,-111.861
Colorado,Michigan,4,39.537,-105.447,43.137,-84.954
Kentucky,California,17,38.029,-85.505,36.487,-120.131
New Mexico,Pennsylvania,4,34.503,-105.871,40.062,-75.105
Washington,New York,12,47.564,-122.443,41.388,-74.564
Missouri,Arizona,10,38.475,-91.208,33.729,-111.808
New York,Arizona,16,40.757,-73.945,33.975,-111.619
Kentucky,Kentucky,15007,38.036,-85.466,38.036,-85.495
Iowa,Montana,1,41.576,-93.606,46.68,-110.045
Massachusetts,New York,101,42.315,-71.635,41.574,-74.5
Florida,West Virginia,7,27.238,-81.137,38.684,-80.538
Missouri,Missouri,22823,38.685,-92.182,38.681,-92.18
Oregon,Indiana,1,44.776,-117.833,40.119,-85.558
Michigan,South Dakota,2,42.654,-84.37,44.43,-101.525
Virginia,Virginia,40302,37.828,-77.311,37.84,-77.392
Texas,Georgia,121,31.157,-96.856,33.411,-83.984
Georgia,Delaware,2,33.256,-84.139,39.42,-75.632
Virginia,Arizona,6,37.526,-77.994,34.431,-112.306
Maryland,Minnesota,2,39.025,-76.806,44.418,-92.89
Virginia,Florida,58,37.707,-77.438,27.674,-81.588
Minnesota,Utah,3,45.665,-93.795,39.279,-110.379
Maine,New Mexico,1,43.626,-70.285,35.089,-106.644
Arkansas,District of Columbia,2,34.727,-92.253,38.903,-77.013
Florida,Georgia,429,28.364,-81.938,32.856,-83.608
Wyoming,Montana,5,44.668,-107.366,46.081,-110.414
Kentucky,Virginia,8,37.426,-85.749,37.765,-78.106
Utah,South Carolina,1,40.708,-111.821,32.257,-80.918
Oregon,Virginia,1,45.536,-122.631,37.093,-79.297
Oklahoma,Arkansas,48,35.337,-96.211,35.142,-93.155
Minnesota,Texas,10,44.588,-93.779,32.391,-96.999
Florida,Utah,12,27.346,-80.952,40.399,-111.78
Kentucky,Kansas,8,38.456,-85.063,38.682,-99.292
Ohio,Wisconsin,8,40.268,-83.08,43.92,-88.453
Ohio,Ohio,64762,40.501,-82.742,40.497,-82.74
Illinois,New Jersey,19,41.689,-88.002,40.578,-74.282
Texas,Florida,169,30.959,-96.912,27.298,-81.353
Arizona,Arkansas,4,33.215,-110.931,35.608,-92.437
Michigan,Washington,9,42.408,-84.133,47.653,-122.179
South Dakota,Oklahoma,1,44.292,-96.785,35.222,-97.445
South Carolina,Kentucky,7,33.709,-80.096,37.853,-85.061
Delaware,Massachusetts,1,39.679,-75.756,42.399,-71.032
Connecticut,California,15,41.509,-72.825,34.654,-118.779
Minnesota,Virginia,2,44.491,-92.871,38.805,-77.142
New York,Massachusetts,100,41.174,-73.91,42.286,-71.679
Tennessee,Texas,97,35.717,-86.824,31.237,-96.804
Massachusetts,Wyoming,2,42.33,-71.32,42.07,-106.187
Montana,Utah,4,46.249,-111.432,39.515,-111.045
Nebraska,Colorado,16,41.025,-97.328,39.417,-105.264
Connecticut,Montana,1,41.267,-73.057,47.865,-110.739
Colorado,Tennessee,9,39.608,-105.254,35.943,-87.309
Florida,Montana,1,28.012,-82.162,46.879,-114.031
Maryland,Missouri,1,39.125,-76.781,39.1,-94.559
Tennessee,Kansas,4,35.515,-87.461,38.855,-98.767
North Dakota,North Dakota,2104,47.277,-98.318,47.267,-98.325
Utah,Florida,10,40.481,-111.615,28.107,-81.421
Texas,Texas,225053,30.837,-97.154,30.844,-97.262
Oklahoma,New Hampshire,2,35.468,-97.516,43.489,-71.487
Alabama,Ohio,5,33.745,-86.389,41.142,-81.819
Rhode Island,Connecticut,41,41.726,-71.516,41.496,-72.394
Minnesota,North Carolina,3,44.887,-93.256,35.409,-79.546
Utah,Oregon,15,40.289,-111.74,44.63,-120.392
Connecticut,Utah,1,41.687,-72.548,40.407,-111.867
District of Columbia,Nevada,2,38.897,-77.025,36.033,-115.086
Connecticut,Indiana,2,41.64,-72.743,39.647,-86.285
Indiana,District of Columbia,3,40.518,-86.028,38.895,-77.03
California,Pennsylvania,58,34.503,-118.678,40.324,-76.303
Tennessee,Colorado,11,35.645,-87.502,39.46,-104.922
Iowa,Georgia,2,41.576,-93.606,33.154,-83.822
Missouri,New Jersey,7,38.274,-91.564,40.608,-74.29
Colorado,Maine,1,38.889,-104.789,45.188,-68.985
Vermont,Massachusetts,13,43.254,-72.642,42.371,-71.817
Minnesota,Indiana,2,44.529,-93.385,41.333,-86.233
Maryland,Connecticut,8,39.382,-76.635,41.433,-73.128
South Carolina,Colorado,4,33.349,-79.73,39.278,-105.766
Ohio,Oregon,8,39.745,-83.736,44.978,-122.949
Ohio,Georgia,33,40.123,-83.007,33.6,-84.218
New York,Virginia,70,40.976,-74.084,38.019,-77.811
Minnesota,Maine,1,44.255,-93.866,44.79,-69.362
Pennsylvania,Kentucky,10,40.497,-76.945,38.183,-84.864
Wyoming,Florida,1,41.237,-105.419,28.374,-81.398
Arizona,Washington,13,33.644,-111.82,47.407,-122.271
South Dakota,New Mexico,1,45.75,-101.2,35.087,-106.651
Wyoming,District of Columbia,2,44.799,-106.959,38.895,-77.037
Connecticut,North Carolina,8,41.479,-72.915,35.344,-81.002
Wisconsin,Missouri,7,43.142,-88.547,38.432,-92.57
New Mexico,New York,12,34.495,-105.795,41.052,-74.247
Wyoming,Arizona,1,42.835,-106.325,33.493,-111.926
Wyoming,Pennsylvania,1,43.474,-110.776,40.005,-75.118
Michigan,Tennessee,14,42.61,-84.331,35.722,-86.345
Florida,Delaware,3,26.95,-80.627,39.016,-75.439
Virginia,Minnesota,6,38.831,-77.069,44.332,-92.741
Indiana,Arizona,10,40.609,-86.504,33.079,-112.251
Kansas,New Jersey,10,37.581,-96.897,40.584,-74.365
Rhode Island,Tennessee,2,41.85,-71.367,36.062,-86.83
Ohio,Pennsylvania,119,40.768,-81.81,40.818,-78.844
Idaho,North Carolina,1,43.692,-116.361,35.17,-79.861
District of Columbia,Rhode Island,6,38.898,-77.018,41.731,-71.448
Missouri,Rhode Island,1,39.228,-94.407,41.488,-71.313
Nevada,Maryland,3,36.153,-115.169,39.021,-76.745
Ohio,North Carolina,22,40.13,-82.895,35.487,-80.382
South Carolina,South Carolina,17167,34.017,-80.88,33.989,-80.886
Iowa,New Mexico,1,40.877,-92.718,35.101,-105.613
Virginia,Washington,11,37.952,-77.259,47.554,-122.11
Minnesota,Florida,11,44.966,-93.646,27.518,-81.653
Alabama,New York,10,34.065,-86.624,41.627,-75.023
Kansas,West Virginia,2,38.593,-98.142,38.349,-80.879
Oklahoma,South Dakota,1,35.099,-98.611,43.84,-103.192
Nebraska,Oklahoma,3,41.118,-96.267,35.56,-96.345
Florida,Maine,2,29.064,-81.03,43.659,-70.266
South Carolina,Kansas,2,33.429,-80.455,39.458,-97.314
Minnesota,Connecticut,1,44.669,-93.399,41.376,-73.453
District of Columbia,Minnesota,2,38.895,-77.037,44.959,-93.178
California,Illinois,104,34.498,-118.767,41.524,-87.989
New Hampshire,California,6,43.259,-71.456,37.829,-120.644
New Hampshire,North Carolina,1,42.971,-71.444,34.597,-77.405
Michigan,Virginia,7,42.637,-83.864,37.833,-77.517
Tennessee,New Jersey,11,36.025,-86.244,40.428,-74.52
Georgia,Wisconsin,8,34.057,-84.317,43.141,-88.416
Mississippi,Minnesota,1,32.308,-90.875,47.24,-95.207
Illinois,Ohio,53,41.429,-88.221,40.434,-82.932
Connecticut,Rhode Island,40,41.484,-72.436,41.701,-71.482
Illinois,Illinois,66229,41.597,-88.052,41.58,-88.06
Virginia,Ohio,18,37.746,-77.938,40.459,-82.687
Louisiana,Colorado,10,31.207,-91.823,39.36,-106.024
Missouri,Idaho,2,39.243,-92.48,43.168,-114.63
Illinois,South Carolina,2,41.834,-87.732,33.258,-80.482
Illinois,Missouri,260,39.196,-89.673,38.602,-90.958
Wisconsin,Oregon,3,44.655,-89.777,43.206,-120.84
Maryland,District of Columbia,1010,38.977,-76.943,38.899,-77.012
Florida,Nevada,35,27.344,-81.438,36.432,-115.508
Florida,Massachusetts,36,26.817,-81.031,42.28,-71.296
West Virginia,Wisconsin,1,38.19,-81.733,43.479,-90.071
Louisiana,Massachusetts,2,29.975,-90.16,41.982,-70.733
Illinois,Florida,54,41.467,-88.012,27.452,-81.271
Louisiana,South Carolina,12,30.149,-91.142,33.977,-80.197
Oregon,California,108,44.514,-122.599,36.724,-120.107
Virginia,North Carolina,186,37.284,-77.817,35.645,-79.35
Wisconsin,Oklahoma,2,43.945,-90.303,36.129,-95.27
Ohio,Kansas,9,40.325,-83.237,38.997,-98.288
Pennsylvania,New York,181,40.579,-76.424,41.339,-74.898
Wisconsin,North Carolina,6,44.232,-89.112,35.307,-80.74
Arizona,South Carolina,4,33.08,-111.695,33.803,-80.503
Illinois,Alabama,7,40.47,-88.036,33.3,-86.646
Washington,Arkansas,2,47.558,-122.636,35.493,-93.177
New York,Colorado,23,41.069,-74.565,39.229,-105.319
Massachusetts,Missouri,5,42.179,-71.047,38.966,-92.732
District of Columbia,Texas,25,38.897,-77.024,31.164,-97.092
North Carolina,Mississippi,3,35.501,-80.646,32.097,-89.571
Arizona,Oklahoma,13,34.104,-112.085,35.79,-97.967
Florida,Missouri,22,27.686,-81.945,38.242,-91.901
North Carolina,West Virginia,14,35.233,-79.321,38.858,-80.799
Tennessee,Florida,53,35.815,-86.488,28.217,-82.23
Tennessee,Iowa,9,35.955,-86.321,41.6,-93.105
Kentucky,Wisconsin,3,37.546,-85.586,43.43,-88.181
Florida,Texas,166,27.384,-81.327,30.977,-97.358
New Jersey,Florida,44,40.462,-74.349,27.174,-81.195
District of Columbia,Virginia,689,38.898,-77.019,38.714,-77.33
Tennessee,West Virginia,11,36.04,-85.573,38.473,-81.166
South Carolina,Louisiana,14,34.082,-80.939,30.049,-90.646
New Mexico,Illinois,11,35.813,-106.102,40.678,-88.597
New Jersey,Texas,24,40.47,-74.348,31.661,-97.062
Maine,New Jersey,2,43.867,-69.341,40.552,-74.333
Mississippi,Louisiana,122,31.452,-89.627,30.514,-90.876
Mississippi,California,9,32.968,-90.216,36.049,-119.75
Minnesota,Alabama,1,43.676,-92.97,33.542,-86.786
Arizona,Nevada,97,34.651,-112.666,36.428,-115.377
Washington,Virginia,7,47.573,-120.867,38.346,-77.181
Nevada,Missouri,13,36.114,-115.127,38.823,-93.219
South Dakota,Ohio,1,43.42,-103.297,39.133,-84.46
Nevada,Illinois,24,36.164,-115.248,41.095,-88.155
Maine,Georgia,1,43.659,-70.266,33.757,-84.389
Wisconsin,New York,5,42.981,-88.706,41.57,-74.385
Alabama,Kentucky,9,33.625,-86.752,37.691,-85.374
Texas,Mississippi,80,31.576,-96.665,32.666,-89.771
New Jersey,Indiana,6,40.742,-74.284,39.696,-85.787
Nevada,New Mexico,23,36.246,-115.115,34.565,-106.247
Louisiana,Georgia,51,30.407,-91.031,33.236,-83.774
Indiana,Maryland,5,39.599,-86.07,38.926,-77.032
Colorado,New Mexico,25,38.895,-105.919,35.331,-106.123
Louisiana,New Mexico,3,30.906,-91.456,32.285,-104.454
District of Columbia,Tennessee,7,38.901,-77.014,35.829,-87.617
Utah,Illinois,4,39.653,-111.348,40.717,-89.649
Idaho,Ohio,2,42.819,-115.395,40.206,-82.946
California,Michigan,27,34.495,-118.677,42.602,-83.76
Rhode Island,Texas,2,41.817,-71.422,29.628,-96.993
Tennessee,Mississippi,288,35.233,-89.485,34.182,-89.872
Kansas,New Mexico,3,39.817,-97.879,36.277,-107.616
Ohio,West Virginia,100,39.713,-81.702,39.196,-80.895
Oklahoma,Iowa,8,35.242,-96.806,41.867,-92.908
Illinois,North Carolina,15,41.749,-87.889,35.287,-80.096
Colorado,Wisconsin,7,39.348,-105.485,43.415,-88.327
Indiana,West Virginia,6,39.847,-86.224,38.869,-80.733
Washington,District of Columbia,1,47.615,-122.331,38.899,-77.014
Texas,Montana,3,33.364,-98.347,46.526,-112.763
Oklahoma,West Virginia,2,36.464,-99.493,39.331,-80.486
Virginia,West Virginia,71,38.479,-77.859,39.051,-79.1
South Carolina,Arizona,5,34.496,-80.949,33.93,-111.462
Arizona,Texas,124,33.616,-111.877,31.461,-99.29
Maryland,Indiana,4,39.07,-76.745,40.19,-86.404
Maryland,Maine,1,39.477,-76.243,45.188,-68.985
Washington,North Carolina,3,47.574,-119.682,35.757,-78.291
Kansas,Utah,5,39.214,-98.047,39.422,-110.806
Florida,Florida,107890,27.433,-81.38,27.43,-81.378
Connecticut,Illinois,2,41.763,-72.774,41.834,-87.732
Montana,Florida,3,46.758,-113.106,27.382,-81.341
Indiana,Massachusetts,5,39.789,-86.309,42.32,-71.024
West Virginia,New York,12,38.468,-80.926,41.223,-74.714
Washington,Nevada,23,47.301,-122.412,37.744,-115.709
Michigan,Massachusetts,11,42.536,-83.414,42.297,-71.111
South Dakota,Washington,5,44.022,-98.691,47.422,-121.497
Ohio,Montana,1,40.083,-82.81,46.4,-112.734
Ohio,Maryland,16,40.691,-81.726,39.079,-76.653
Pennsylvania,Iowa,3,41.355,-77.949,41.561,-92.689
Iowa,Florida,8,41.754,-92.584,27.613,-81.486
Nevada,Virginia,4,36.935,-116.317,38.155,-77.505
Indiana,Oregon,2,40.643,-86.205,42.789,-123.101
Kansas,Iowa,18,38.654,-96.248,41.606,-93.708
Iowa,Arizona,5,41.777,-92.787,33.303,-111.734
Louisiana,Arkansas,14,31.465,-92.675,34.407,-92.808
Michigan,California,46,42.7,-84.034,35.192,-119.231
Minnesota,Ohio,1,44.948,-93.354,39.161,-84.472
Montana,New Mexico,1,46.871,-113.996,35.087,-106.651
Idaho,New Mexico,1,43.598,-116.238,35.117,-106.633
Idaho,Arkansas,1,43.598,-116.238,36.123,-92.412
North Carolina,Wyoming,1,35.161,-79.376,44.523,-109.057
Arkansas,West Virginia,1,34.487,-93.021,37.794,-80.904
Idaho,California,13,44.364,-115.994,36.309,-120.039
Maryland,New Jersey,72,39.087,-76.651,40.243,-74.585
Kentucky,Arizona,4,37.359,-87.373,33.627,-111.885
Colorado,Kansas,28,39.155,-104.557,38.791,-97.628
South Dakota,Louisiana,1,43.545,-96.731,30.475,-90.101
Oklahoma,Mississippi,3,35.022,-97.097,32.568,-89.518
Illinois,New Hampshire,1,41.878,-87.63,43.305,-70.976
Alabama,Florida,78,32.164,-86.77,29.572,-84.644
New Jersey,California,52,40.511,-74.323,35.679,-119.614
New Jersey,North Dakota,1,40.268,-74.54,47.959,-97.13
Maine,Florida,2,44.848,-69.775,28.579,-81.429
Texas,Arizona,112,31.849,-99.339,33.523,-111.682
Connecticut,New Mexico,1,41.363,-71.957,33.137,-107.258
Alabama,Massachusetts,1,30.407,-87.684,42.067,-71.328
Wisconsin,Georgia,9,43.458,-87.991,32.932,-83.736
Florida,Minnesota,18,27.673,-81.78,45.543,-93.263
Oklahoma,Virginia,5,35.799,-97.737,37.896,-77.395
Missouri,Tennessee,22,38.511,-92.074,35.969,-87.43
Tennessee,Pennsylvania,26,36.066,-86.249,40.391,-76.421
Tennessee,Illinois,41,35.85,-86.769,40.598,-88.48
Massachusetts,Arizona,10,42.32,-71.1,33.261,-111.605
Texas,Kansas,56,32.096,-97.456,38.576,-97.825
Nebraska,South Carolina,1,41.276,-96.053,33.631,-80.927
Georgia,West Virginia,4,33.64,-84.011,38.592,-81.12
Oklahoma,Missouri,34,35.766,-96.808,37.888,-92.39
New Mexico,Louisiana,7,33.324,-105.221,30.36,-91.186
Oklahoma,Maryland,4,36.561,-97.609,39.167,-77.013
North Carolina,New Jersey,21,35.488,-79.835,40.445,-74.33
Virginia,California,37,38.112,-77.452,35.521,-119.705
Illinois,Arkansas,7,40.871,-88.37,35.216,-92.436
Nebraska,Georgia,2,40.951,-96.507,33.154,-83.822
Indiana,Montana,1,39.78,-86.143,45.254,-107.946
Arkansas,Arkansas,9315,35.069,-92.576,35.04,-92.536
Texas,Idaho,4,32.793,-96.319,43.578,-116.31
Indiana,Ohio,154,40.021,-85.734,40.142,-83.386
New Mexico,Washington,2,34.945,-104.965,47.056,-120.968
Tennessee,Delaware,1,36.553,-85.293,39.679,-75.582
Wisconsin,Kansas,2,42.918,-89.21,40.0,-100.0
Pennsylvania,Vermont,3,40.677,-77.401,44.387,-72.873
Iowa,Idaho,1,42.956,-93.663,43.692,-116.361
California,Wisconsin,13,34.999,-118.624,44.089,-88.792
Tennessee,South Carolina,31,36.047,-85.036,33.786,-81.016
Oklahoma,Texas,209,35.221,-97.174,32.39,-97.678
South Dakota,Michigan,2,43.82,-100.854,42.52,-82.926
Virginia,Michigan,7,38.067,-78.067,42.815,-84.038
Connecticut,Kansas,3,41.594,-72.965,39.112,-96.447
Minnesota,Wisconsin,93,45.067,-93.289,44.518,-90.732
Missouri,Utah,2,39.409,-93.634,40.015,-111.778
Nevada,Utah,65,36.628,-115.16,38.955,-112.154
Indiana,Arkansas,5,40.249,-86.086,35.511,-91.979
Colorado,Iowa,8,39.293,-105.194,41.609,-93.893
Arkansas,Illinois,8,35.373,-91.415,40.542,-88.557
Arizona,Michigan,6,33.509,-112.03,42.481,-83.953
North Dakota,Arizona,1,46.865,-96.83,33.553,-112.125
Washington,Colorado,18,47.2,-121.537,38.95,-105.41
Wyoming,Utah,9,42.53,-108.131,40.965,-111.989
Massachusetts,Pennsylvania,15,42.261,-71.262,40.505,-76.417
Georgia,Kentucky,48,33.531,-84.048,37.723,-85.098
Wyoming,Missouri,2,41.971,-108.711,37.986,-92.196
Connecticut,Delaware,1,41.05,-73.639,39.244,-75.659
Texas,New Mexico,183,31.838,-102.169,33.586,-105.929
Kansas,Wyoming,2,39.295,-98.81,42.396,-107.393
Louisiana,Oklahoma,9,31.466,-92.408,35.713,-97.435
Iowa,South Dakota,22,42.381,-95.573,43.046,-97.014
Maryland,West Virginia,32,39.372,-77.684,39.023,-79.546
North Carolina,Utah,4,35.415,-80.293,40.979,-111.979
Oregon,New Hampshire,2,43.913,-122.592,43.205,-71.41
Nebraska,New York,3,41.452,-98.007,41.116,-74.746
New Mexico,Utah,7,35.578,-105.825,39.093,-111.598
Wyoming,Oregon,5,42.559,-108.924,45.529,-122.546
Alabama,Tennessee,112,33.942,-86.745,35.715,-86.327
Kansas,Arkansas,9,38.302,-96.712,35.717,-92.827
Rhode Island,New Jersey,1,41.487,-71.316,40.642,-74.387
Michigan,Nevada,10,42.514,-83.92,36.7,-115.741
Massachusetts,Colorado,6,42.339,-71.268,39.719,-105.236
Tennessee,Louisiana,25,35.57,-87.98,30.371,-90.596
Montana,Kansas,3,46.459,-111.427,38.086,-97.948
Florida,Oregon,8,27.766,-81.051,45.018,-122.088
New Mexico,Arkansas,4,34.699,-105.809,34.826,-92.819
Colorado,North Carolina,10,39.664,-105.166,35.449,-81.106
Delaware,Delaware,2166,39.362,-75.57,39.365,-75.572
Pennsylvania,Minnesota,9,40.362,-76.483,45.462,-93.885
New Mexico,Maine,1,35.875,-106.14,45.117,-69.647
Louisiana,North Carolina,11,30.365,-90.991,35.468,-80.047
Texas,Washington,39,31.032,-96.79,47.248,-121.747
Idaho,Nevada,6,43.608,-116.301,38.901,-116.259
Alabama,New Jersey,1,33.72,-86.486,40.715,-74.007
New Jersey,Pennsylvania,665,40.115,-74.816,40.274,-75.695
Missouri,Washington,4,38.803,-93.421,47.622,-121.584
New Jersey,New York,1343,40.715,-74.152,40.876,-74.012
Vermont,Colorado,1,44.212,-72.863,39.214,-106.945
Alabama,South Carolina,12,33.274,-86.366,33.975,-80.563
Wisconsin,New Mexico,2,43.074,-88.683,34.161,-106.284
Mississippi,Michigan,1,31.674,-88.642,42.585,-82.915
West Virginia,Minnesota,2,38.859,-81.258,45.07,-93.527
Utah,Indiana,3,40.771,-111.933,39.77,-86.366
Michigan,Vermont,1,42.216,-85.692,43.872,-72.451
Arizona,Nebraska,6,33.922,-112.011,41.401,-97.911
Ohio,Colorado,13,40.156,-83.27,39.452,-105.295
Kansas,Michigan,7,38.679,-99.439,42.692,-83.86
Kentucky,South Dakota,1,38.249,-85.791,43.836,-101.523
Indiana,Oklahoma,2,38.932,-86.216,35.831,-98.578
New Hampshire,South Carolina,1,42.889,-71.291,34.852,-83.045
Utah,Nevada,45,38.732,-112.095,37.06,-115.63
Alabama,Oregon,2,33.601,-85.559,43.956,-122.341
Utah,Maryland,2,40.774,-111.936,39.131,-76.556
Texas,Vermont,3,30.941,-97.684,43.931,-72.451
Utah,District of Columbia,4,40.635,-111.904,38.902,-77.024
Connecticut,Maryland,2,41.274,-73.181,39.175,-76.734
Montana,Minnesota,1,45.797,-108.563,46.442,-93.361
West Virginia,Kentucky,28,38.696,-81.862,38.101,-84.249
New Jersey,New Jersey,45807,40.472,-74.39,40.467,-74.394
Washington,Massachusetts,4,47.483,-122.328,42.196,-71.153
Minnesota,New York,6,44.906,-93.513,41.471,-74.877
South Dakota,North Dakota,7,44.581,-97.864,46.946,-97.851
California,Arkansas,16,36.209,-120.176,35.304,-92.904
Kentucky,Tennessee,124,37.206,-86.228,36.174,-86.509
Montana,Indiana,1,45.783,-108.501,38.843,-86.991
New Mexico,Nevada,20,34.987,-106.82,36.106,-115.199
Mississippi,Indiana,1,31.716,-91.064,39.211,-85.922
Iowa,Ohio,6,41.379,-92.84,40.235,-82.795
Oregon,New Jersey,4,45.555,-122.913,40.662,-74.364
Mississippi,South Carolina,5,32.95,-89.174,34.578,-82.273
Montana,Washington,9,45.946,-112.067,47.171,-119.908
Louisiana,Ohio,7,30.14,-90.439,40.214,-82.95
New Mexico,Georgia,5,35.377,-105.253,33.725,-84.42
Nebraska,Indiana,3,41.908,-98.704,40.307,-86.548
Massachusetts,Florida,25,42.251,-71.202,26.677,-80.858
Kansas,Mississippi,1,37.689,-97.294,34.006,-89.5
Washington,Texas,36,47.528,-122.302,30.577,-97.566
Nevada,Pennsylvania,9,37.81,-116.086,40.417,-78.364
New York,Kansas,32,40.976,-74.349,38.326,-97.358
Wyoming,New York,1,43.945,-106.379,40.655,-73.949
Arizona,Georgia,21,33.449,-111.841,33.28,-83.636
Wyoming,Nevada,4,41.226,-108.82,38.718,-115.936
Texas,Kentucky,26,31.955,-97.202,37.783,-85.676
Massachusetts,Vermont,24,42.331,-71.837,43.381,-72.7
Michigan,Utah,2,42.606,-85.648,40.618,-111.69
Maryland,Colorado,7,39.145,-76.772,39.361,-105.682
Michigan,New Hampshire,1,42.956,-85.641,42.971,-71.444
California,New Jersey,60,35.227,-119.267,40.54,-74.326
Pennsylvania,Oregon,5,40.29,-76.379,45.375,-123.166
New York,Montana,2,40.718,-73.959,45.645,-111.524
Illinois,Minnesota,22,41.641,-88.223,45.162,-93.39
Kentucky,Illinois,25,37.705,-86.305,40.376,-88.677
Maryland,Nebraska,1,39.09,-77.182,42.296,-99.936
Arkansas,Delaware,1,35.073,-92.431,39.682,-75.587
Louisiana,Florida,41,30.358,-90.716,27.879,-81.721
Virginia,Arkansas,6,37.615,-78.511,34.525,-92.49
Kansas,South Dakota,1,39.275,-95.084,43.039,-100.816
Louisiana,New York,15,30.35,-90.727,41.565,-74.747
Utah,Washington,9,40.043,-111.308,47.347,-120.674
District of Columbia,Pennsylvania,34,38.897,-77.022,40.363,-76.045
Louisiana,South Dakota,1,29.983,-90.011,44.075,-103.233
Virginia,South Carolina,22,37.399,-77.574,33.664,-80.618
Colorado,Arizona,29,39.449,-104.869,33.931,-111.599
Tennessee,Alabama,132,35.653,-86.921,33.51,-86.774
Colorado,Florida,37,39.401,-105.126,27.303,-81.265
Ohio,District of Columbia,5,39.424,-82.669,38.892,-77.016
New Jersey,District of Columbia,17,40.479,-74.475,38.895,-77.014
South Dakota,Nevada,1,43.728,-98.032,36.006,-115.038
Pennsylvania,District of Columbia,24,40.173,-77.157,38.897,-77.018
Montana,Louisiana,1,47.0,-110.0,31.0,-92.0
California,New Mexico,91,34.361,-118.256,34.168,-106.587
Maryland,Georgia,34,39.169,-76.645,33.258,-83.925
Oklahoma,Alabama,3,35.638,-96.929,33.759,-86.531
Kansas,Maryland,6,38.735,-96.982,39.071,-76.566
Colorado,Idaho,8,39.335,-105.275,43.202,-114.034
Indiana,Utah,1,41.087,-85.17,40.666,-111.828
Iowa,Wyoming,1,43.225,-94.295,43.511,-104.954
Colorado,Minnesota,11,39.274,-105.119,46.408,-93.874
New Jersey,Georgia,32,40.549,-74.386,33.511,-83.884
Louisiana,Illinois,11,30.577,-90.999,41.425,-88.417
Maine,Maine,2885,44.031,-69.875,44.104,-69.829
Florida,New Mexico,10,27.333,-81.642,34.751,-105.843
Oklahoma,Utah,2,35.392,-97.559,39.813,-111.593
South Dakota,Minnesota,21,43.92,-97.074,45.245,-94.07
West Virginia,Michigan,2,37.885,-81.613,42.773,-83.531
Arizona,California,325,33.723,-112.252,34.907,-118.32
Idaho,Washington,44,46.172,-116.208,47.401,-119.093
New York,Oregon,7,40.724,-73.712,45.455,-122.133
Massachusetts,North Carolina,8,42.243,-71.305,35.272,-79.932
Texas,Delaware,1,33.21,-97.755,39.739,-75.54
New Jersey,Louisiana,4,40.632,-74.231,29.968,-90.12
New Hampshire,West Virginia,1,44.054,-71.128,38.802,-81.351
Utah,Iowa,1,40.706,-111.9,41.938,-93.39
Kentucky,Texas,21,37.601,-86.062,31.511,-97.473
Arizona,Illinois,28,33.874,-111.885,41.535,-88.112
Wyoming,Colorado,12,41.835,-106.272,39.968,-105.424
Idaho,Utah,14,43.292,-113.51,40.455,-111.778
Washington,Missouri,5,47.222,-122.355,38.909,-92.847
Maine,Arizona,4,44.346,-69.927,33.459,-112.151
Utah,Utah,11893,40.5,-111.942,40.472,-111.933
Florida,Virginia,52,27.276,-81.442,37.937,-77.464
Oklahoma,Indiana,5,35.066,-96.322,39.853,-85.927
Alabama,Mississippi,102,31.88,-87.47,32.003,-89.304
Texas,Nevada,76,31.528,-97.412,36.78,-115.759
Colorado,Oregon,12,39.619,-105.333,45.142,-122.369
Illinois,North Dakota,1,41.992,-87.876,46.83,-100.764
Indiana,Kansas,8,39.408,-86.088,38.415,-97.457
Massachusetts,Massachusetts,35348,42.286,-71.27,42.281,-71.275
District of Columbia,Oklahoma,2,38.895,-77.046,36.756,-100.082
South Dakota,Wyoming,4,44.276,-103.511,43.644,-106.152
Utah,Texas,11,40.604,-111.657,30.303,-97.274
Georgia,Tennessee,225,33.993,-84.564,35.519,-86.002
Colorado,Illinois,32,39.45,-104.814,41.398,-88.148
Minnesota,Nebraska,6,45.543,-93.746,41.598,-97.539
New Mexico,Arizona,65,34.221,-106.992,33.831,-111.597
Maryland,Ohio,11,39.248,-76.816,40.916,-82.354
Nevada,Connecticut,1,36.061,-115.135,41.866,-72.456
Georgia,South Carolina,278,33.121,-82.715,33.707,-81.232
Montana,Tennessee,1,48.76,-113.788,36.345,-82.388
Wisconsin,Arizona,1,43.057,-87.967,33.553,-112.125
Kansas,Colorado,28,38.909,-98.759,39.384,-105.063
Nebraska,California,6,40.885,-97.82,36.639,-121.085
Iowa,Iowa,11613,41.834,-92.841,41.835,-92.86
Pennsylvania,Alabama,5,40.28,-77.617,32.408,-87.282
Wisconsin,Florida,7,43.213,-88.573,27.685,-81.518
Kansas,Wisconsin,3,39.36,-97.737,43.505,-88.989
Florida,Rhode Island,4,28.731,-84.044,41.696,-71.398
Maryland,Delaware,45,38.861,-75.941,39.133,-75.54
Connecticut,Washington,1,41.562,-72.651,47.979,-122.202
South Carolina,Georgia,211,33.836,-81.501,33.253,-82.972
New Mexico,Kansas,9,35.277,-106.531,37.649,-97.222
Kentucky,Nevada,6,38.385,-84.684,36.474,-115.623
Oklahoma,California,25,35.765,-97.152,34.683,-118.713
Indiana,Idaho,2,40.758,-85.964,45.29,-115.482
Maryland,Massachusetts,5,39.041,-76.973,42.093,-70.989
Iowa,New York,7,41.791,-92.89,42.789,-76.622
Colorado,Maryland,2,39.425,-104.801,39.06,-76.841
Florida,Iowa,2,29.388,-83.991,41.764,-93.505
North Carolina,Indiana,8,35.512,-80.737,39.824,-86.166
Kansas,Tennessee,7,39.103,-96.921,35.655,-86.878
Kentucky,Alabama,3,37.722,-84.686,32.435,-87.557
Nebraska,Michigan,3,40.854,-96.246,42.845,-84.344
New Mexico,District of Columbia,3,34.825,-105.507,38.897,-77.029
Alabama,Louisiana,42,32.191,-87.274,30.46,-91.064
Arizona,Ohio,13,33.601,-112.002,40.293,-82.943
Virginia,Delaware,12,38.342,-77.816,39.351,-75.599
Missouri,New Mexico,3,37.601,-92.139,34.498,-106.252
Illinois,Montana,2,41.905,-87.816,45.742,-109.823
Indiana,Illinois,327,40.963,-86.992,41.319,-87.95
Pennsylvania,Louisiana,7,40.043,-76.093,30.08,-90.542
Oregon,Utah,10,44.952,-120.981,40.332,-111.933
Virginia,Pennsylvania,44,38.301,-77.862,40.268,-76.527
Virginia,New York,57,37.954,-78.02,41.106,-74.148
Arkansas,Alabama,10,35.149,-93.012,33.245,-86.931
Tennessee,Michigan,10,36.021,-85.247,42.896,-84.124
North Carolina,Maryland,32,35.689,-79.439,39.054,-76.849
Wyoming,Virginia,1,43.0,-107.5,37.09,-76.508
Indiana,New York,21,39.992,-86.19,41.114,-74.168
Indiana,Michigan,79,40.864,-86.091,42.46,-85.08
Virginia,Oklahoma,9,38.189,-78.097,35.989,-97.754
Tennessee,Oklahoma,9,35.688,-87.946,35.834,-96.17
Colorado,South Dakota,2,40.004,-105.38,43.698,-98.667
Kansas,Indiana,5,38.738,-98.638,40.247,-86.298
Arizona,New York,14,33.818,-111.749,41.044,-73.918
California,Virginia,54,34.452,-118.679,37.91,-77.634
Oregon,New York,9,45.244,-122.921,40.876,-74.105
Minnesota,New Jersey,1,44.942,-93.106,40.073,-74.724
New Hampshire,Rhode Island,3,43.414,-71.591,41.745,-71.439
Colorado,Massachusetts,3,39.638,-105.564,42.273,-71.569
Washington,Delaware,1,47.615,-122.331,39.388,-75.688
Louisiana,Virginia,9,30.708,-91.179,38.323,-77.973
Alabama,Washington,6,33.357,-86.479,47.971,-121.275
Minnesota,California,32,44.818,-93.409,34.665,-118.854
West Virginia,Indiana,3,38.86,-81.5,39.612,-85.895
Texas,Oklahoma,264,32.561,-97.113,35.279,-97.568
Idaho,Montana,9,46.707,-116.285,47.082,-112.149
Texas,Illinois,63,30.993,-96.603,41.224,-88.157
Mississippi,Georgia,46,33.177,-89.335,33.345,-83.97
West Virginia,Illinois,4,39.127,-79.545,41.044,-88.119
Arizona,Connecticut,1,33.553,-112.125,41.501,-72.757
Kansas,Nebraska,15,39.048,-98.125,40.844,-98.282
Colorado,Colorado,26644,39.617,-105.111,39.595,-105.123
Mississippi,Nebraska,1,32.231,-90.158,41.177,-96.063
Oregon,Alabama,3,43.833,-123.403,32.05,-86.768
North Carolina,Tennessee,65,35.524,-81.463,35.889,-84.893
California,Massachusetts,56,34.951,-119.184,42.323,-71.252
Utah,Louisiana,5,40.75,-111.91,30.452,-90.484
Pennsylvania,Wisconsin,3,39.924,-75.674,43.589,-88.645
Pennsylvania,Arizona,11,40.329,-76.693,32.994,-111.566
Louisiana,West Virginia,2,30.076,-91.243,38.708,-81.196
Virginia,Connecticut,3,37.609,-78.867,41.368,-73.107
Iowa,Connecticut,1,40.898,-92.253,41.691,-72.341
Arizona,Vermont,1,33.815,-111.941,43.605,-72.82
North Carolina,Arkansas,2,35.229,-80.778,35.039,-93.356
South Carolina,Mississippi,3,34.065,-81.574,31.818,-89.033
Michigan,North Dakota,1,42.381,-86.267,48.233,-101.268
Ohio,Michigan,142,41.231,-83.164,42.293,-83.8
Oklahoma,Oklahoma,17387,35.617,-96.968,35.607,-97.054
Kansas,Alabama,3,38.475,-99.733,32.934,-87.026
Massachusetts,Texas,26,42.317,-71.184,31.299,-97.446
Montana,Wisconsin,1,44.574,-111.2,43.102,-89.51
California,Oregon,118,36.881,-120.263,44.427,-122.315
Alabama,District of Columbia,4,32.883,-86.759,38.893,-77.02
Arizona,Mississippi,3,33.679,-112.389,33.54,-89.804
Vermont,Montana,1,42.868,-72.872,46.871,-113.996
Illinois,Indiana,333,41.466,-87.848,40.98,-87.046
Kentucky,Florida,20,37.921,-85.835,27.86,-82.196
Illinois,Wyoming,3,40.837,-88.98,42.424,-106.708
Kansas,South Carolina,1,39.038,-95.691,34.796,-82.342
Kentucky,South Carolina,7,37.856,-84.785,33.406,-80.119
Indiana,Wyoming,1,41.619,-86.841,41.308,-105.606
Utah,Colorado,30,39.563,-111.526,39.37,-105.556
West Virginia,Washington,2,39.949,-80.409,47.427,-120.382
Maryland,Florida,34,39.164,-76.706,27.307,-81.302
Tennessee,Maine,1,35.816,-83.984,43.523,-70.389
Massachusetts,Louisiana,2,42.499,-71.189,30.091,-91.042
Missouri,Louisiana,5,38.389,-92.094,30.182,-91.176
Washington,New Jersey,2,47.443,-122.296,40.857,-74.149
Delaware,Louisiana,2,39.375,-75.54,29.951,-90.069
Connecticut,Florida,6,41.258,-73.268,27.114,-80.817
Pennsylvania,Missouri,12,40.39,-76.445,38.088,-92.184
Nebraska,Oregon,1,41.276,-96.053,45.536,-122.631
Kentucky,Iowa,2,37.49,-85.102,42.501,-91.689
Connecticut,New Hampshire,6,41.638,-72.689,43.039,-71.452
Virginia,Oregon,6,38.48,-76.943,45.072,-122.928
Kansas,New York,29,38.491,-97.489,41.003,-73.982
South Dakota,District of Columbia,2,43.508,-96.779,38.923,-77.022
North Dakota,Wisconsin,2,46.573,-96.695,44.394,-90.394
Delaware,Pennsylvania,92,39.59,-75.587,40.384,-76.058
West Virginia,Virginia,58,38.837,-79.49,38.303,-78.374
South Dakota,Kansas,3,44.359,-99.477,39.19,-97.476
Pennsylvania,South Carolina,9,40.527,-77.035,33.84,-80.596
Virginia,Missouri,5,38.117,-77.112,38.393,-92.171
Utah,New York,10,40.315,-111.918,41.482,-74.666
South Carolina,Delaware,1,33.766,-78.976,38.855,-75.335
Oregon,District of Columbia,1,44.935,-123.029,38.899,-77.014
Oregon,Georgia,2,43.712,-123.661,33.917,-84.33
Virginia,Maryland,544,38.71,-77.286,39.058,-77.031
Colorado,Montana,1,39.899,-105.068,45.797,-108.563
Massachusetts,Washington,4,42.297,-71.322,47.369,-122.367
District of Columbia,Arizona,5,38.9,-77.025,33.095,-111.922
Georgia,New Hampshire,1,33.847,-84.516,42.794,-71.232
Arizona,Florida,23,33.494,-111.849,27.563,-81.285
Colorado,Pennsylvania,10,39.596,-105.242,40.655,-76.533
Kentucky,Mississippi,3,37.728,-85.162,33.481,-89.861
Massachusetts,Virginia,6,42.301,-71.114,38.024,-78.888
Iowa,Wisconsin,18,41.939,-92.418,43.781,-89.31
Vermont,Virginia,1,44.455,-73.184,38.003,-79.421
Texas,Arkansas,135,32.501,-95.908,34.799,-92.376
Illinois,Oklahoma,4,38.493,-89.155,35.224,-97.629
Iowa,Oregon,4,41.758,-92.889,44.07,-123.439
Arizona,Tennessee,6,33.335,-111.837,35.674,-86.649
Mississippi,Mississippi,9580,32.666,-89.65,32.647,-89.686
South Dakota,New York,2,44.51,-100.109,40.692,-73.918
Texas,South Carolina,19,31.583,-96.745,34.092,-80.698
New York,District of Columbia,47,40.834,-73.987,38.896,-77.021
Kansas,Massachusetts,5,38.236,-97.672,42.369,-71.086
Connecticut,Nebraska,1,41.731,-72.836,41.276,-96.053
Georgia,Oregon,7,33.852,-84.156,44.708,-123.146
New York,Maryland,76,40.877,-74.039,39.092,-76.65
Maine,Maryland,2,44.068,-70.425,39.445,-76.781
Utah,Wyoming,16,40.864,-111.97,41.974,-107.42
West Virginia,Alabama,8,38.465,-82.346,33.813,-86.661
New Jersey,Delaware,15,40.142,-74.766,39.478,-75.624
Wyoming,Iowa,1,43.132,-108.897,41.601,-91.431
South Carolina,Vermont,1,32.432,-80.689,44.792,-72.583
Nebraska,New Jersey,2,40.963,-96.65,40.501,-74.453
Iowa,Oklahoma,7,41.679,-94.076,35.559,-97.014
Ohio,Massachusetts,9,40.714,-82.322,42.193,-71.459
Oklahoma,Kentucky,5,35.52,-97.96,38.249,-85.109
Arkansas,New York,8,35.11,-92.653,41.572,-74.142
Arkansas,Washington,3,35.742,-93.853,47.68,-122.576
South Carolina,Virginia,35,34.017,-80.82,37.644,-78.139
Massachusetts,Ohio,3,42.307,-71.33,40.54,-82.36
Texas,New York,84,30.82,-97.742,41.279,-74.483
Massachusetts,New Jersey,24,42.301,-71.156,40.501,-74.344
Indiana,Washington,8,40.416,-85.799,47.321,-121.731
Illinois,Mississippi,2,40.141,-88.387,33.148,-89.655
Arizona,Pennsylvania,8,33.783,-112.392,40.723,-77.066
Oregon,Illinois,5,45.486,-122.638,41.948,-87.877
Missouri,District of Columbia,3,38.012,-94.072,38.899,-77.014
District of Columbia,Utah,5,38.9,-77.018,40.634,-111.849
Oregon,Minnesota,3,45.526,-122.697,45.472,-93.291
Georgia,Pennsylvania,39,33.427,-84.107,40.366,-76.67
Florida,Washington,20,27.754,-81.373,47.377,-122.079
Arkansas,Florida,6,34.642,-93.05,27.844,-81.096
South Carolina,Maryland,7,34.303,-80.38,39.194,-76.94
Georgia,Virginia,70,33.619,-83.955,37.609,-78.019
Washington,Wisconsin,1,47.615,-122.331,43.135,-90.174
Colorado,Mississippi,3,39.722,-104.942,33.745,-89.622
Michigan,Arkansas,2,42.866,-83.879,35.304,-93.887
New Mexico,New Hampshire,1,36.802,-103.953,43.671,-71.146
Minnesota,Arizona,15,44.987,-93.365,33.727,-111.863
North Carolina,Connecticut,6,35.469,-79.708,41.304,-73.046
New Mexico,Oklahoma,18,35.071,-105.984,35.634,-97.827
California,Alabama,16,35.284,-118.812,32.011,-87.129
Alabama,Michigan,1,32.987,-86.742,43.687,-85.01
South Dakota,Nebraska,6,43.575,-98.399,41.401,-98.049
Colorado,Virginia,7,39.242,-104.71,37.617,-78.653
Nebraska,Illinois,11,41.083,-97.136,41.214,-88.231
New York,Vermont,44,43.15,-73.776,43.882,-72.849
Georgia,Connecticut,12,33.815,-84.19,41.507,-72.794
Oregon,Oregon,20580,45.064,-122.688,45.053,-122.639
Idaho,Idaho,5023,44.014,-115.659,44.107,-115.581
Minnesota,Nevada,10,44.801,-93.145,37.14,-115.983
Georgia,Illinois,57,33.554,-84.219,41.456,-88.171
New Jersey,North Carolina,28,40.566,-74.257,35.393,-79.43
Oklahoma,Kansas,45,35.833,-96.839,37.976,-96.977
Arkansas,Georgia,14,35.06,-92.572,33.516,-84.438
Illinois,Washington,11,41.346,-88.081,47.275,-121.954
Maryland,Nevada,3,39.19,-76.729,37.313,-116.73
Arizona,Maryland,8,33.449,-111.998,38.913,-76.591
Arizona,Iowa,6,34.619,-111.817,42.177,-93.391
Arkansas,Montana,1,34.8,-92.2,47.0,-110.0
Florida,Michigan,28,27.6,-81.722,42.766,-84.051
Illinois,Wisconsin,188,42.085,-88.192,43.237,-88.535
Illinois,Colorado,32,41.712,-87.954,39.194,-104.845
Utah,Arizona,27,38.683,-112.128,34.627,-112.263
Georgia,Minnesota,14,33.578,-83.857,45.501,-93.301
Michigan,District of Columbia,4,42.326,-83.696,38.896,-77.031
Maine,Oklahoma,1,44.008,-70.06,36.176,-94.559
Missouri,Alabama,6,38.373,-91.818,33.323,-86.996
New York,Alabama,12,41.0,-74.125,32.495,-86.822
Kentucky,Colorado,2,38.224,-85.74,39.237,-104.883
New Jersey,Kentucky,3,40.605,-74.413,37.99,-84.805
Nevada,Nevada,27907,36.644,-115.826,36.711,-115.874
Oklahoma,Massachusetts,6,35.78,-96.777,42.178,-71.17
Montana,Oregon,4,45.433,-111.802,45.322,-122.641
Oregon,Kansas,2,44.897,-123.575,38.516,-97.808
New Jersey,Ohio,29,40.636,-74.33,40.356,-82.703
Rhode Island,Indiana,1,41.841,-71.436,41.629,-85.014
New York,West Virginia,18,40.936,-74.265,39.063,-80.637
Florida,Arizona,15,27.194,-81.127,33.338,-111.952
Virginia,Georgia,65,37.746,-77.932,33.478,-84.134
Missouri,Michigan,8,38.851,-92.445,42.412,-84.186
Maine,Alabama,1,43.857,-70.103,30.407,-87.684
Nevada,Minnesota,7,36.126,-115.152,45.08,-93.339
South Dakota,Florida,1,43.149,-97.718,26.917,-82.079
Arkansas,Nebraska,1,36.07,-94.176,41.501,-99.681
Delaware,Illinois,1,39.802,-75.498,38.251,-89.014
West Virginia,Maine,1,38.349,-81.633,44.318,-69.776
Kansas,Illinois,20,39.342,-98.858,41.275,-88.24
Alabama,Arizona,5,34.025,-86.593,33.338,-111.991
Oklahoma,Colorado,11,35.569,-96.871,39.113,-105.922
District of Columbia,Iowa,2,38.899,-77.014,41.871,-92.755
Alabama,Arkansas,10,33.781,-86.968,34.837,-92.847
Minnesota,Colorado,13,45.684,-93.565,39.567,-104.676
North Carolina,Vermont,2,35.564,-79.936,44.455,-73.184
Kansas,Washington,5,38.727,-97.966,47.615,-122.297
Michigan,New Jersey,5,42.603,-83.809,40.401,-74.73
Vermont,Illinois,1,43.141,-72.93,41.118,-87.921
Massachusetts,Idaho,3,42.451,-71.318,43.55,-113.49
Michigan,Pennsylvania,16,42.462,-83.507,40.709,-77.235
Indiana,Virginia,12,40.229,-86.046,37.89,-78.493
Arkansas,Iowa,2,34.579,-93.279,41.629,-94.861
Connecticut,Missouri,2,41.407,-71.988,38.205,-91.255
Ohio,Illinois,46,40.67,-82.741,40.907,-88.339
Texas,West Virginia,6,30.96,-97.003,38.794,-80.6
Missouri,North Carolina,6,38.458,-91.83,35.69,-79.902
New Jersey,Oklahoma,1,40.0,-74.5,36.963,-96.2
Texas,Nebraska,9,32.358,-98.634,41.183,-97.491
Alabama,Alabama,20460,32.958,-86.81,32.914,-86.816
Pennsylvania,Montana,1,40.101,-75.384,45.783,-108.501
Washington,Alabama,2,47.417,-119.855,33.653,-86.633
Washington,Ohio,7,47.477,-121.966,40.075,-82.843
Tennessee,Idaho,2,35.667,-88.357,44.593,-115.252
Maryland,New York,55,39.177,-76.715,40.962,-74.223
Missouri,Nebraska,13,39.552,-94.816,41.219,-97.726
Nebraska,District of Columbia,1,40.422,-96.658,38.895,-77.037
Washington,Florida,14,47.609,-122.069,26.891,-81.115
Maine,Kentucky,1,44.671,-70.151,38.142,-85.674
Georgia,Florida,318,32.964,-83.843,28.255,-81.881
Maine,New York,5,43.682,-70.252,41.663,-75.607
Oklahoma,Arizona,13,35.481,-97.643,34.033,-111.189
Idaho,Florida,2,44.933,-116.343,28.648,-82.776
Delaware,Maryland,52,39.127,-75.543,38.859,-76.117
District of Columbia,Connecticut,5,38.898,-77.016,41.284,-73.111
Ohio,Minnesota,5,40.561,-82.95,45.307,-93.459
Connecticut,Georgia,6,41.351,-73.012,33.4,-84.02
Iowa,Massachusetts,2,41.356,-92.298,42.265,-71.822
Iowa,Indiana,4,41.782,-91.574,40.118,-86.293
New Mexico,Connecticut,1,34.148,-107.898,41.476,-72.91
Indiana,South Carolina,3,40.16,-86.082,33.655,-80.243
Nevada,District of Columbia,6,36.516,-115.661,38.908,-77.033
Oklahoma,Nebraska,2,35.228,-96.167,41.117,-99.538
Tennessee,Georgia,270,35.545,-85.649,33.61,-84.154
Iowa,Tennessee,3,41.587,-92.705,36.124,-86.775
New Jersey,Missouri,2,40.79,-74.066,38.747,-90.441
Louisiana,Wisconsin,2,29.948,-90.071,43.064,-87.904
Wyoming,South Dakota,1,44.6,-110.5,43.75,-101.943
New York,Ohio,60,41.433,-75.217,40.698,-82.329
Michigan,Ohio,153,42.199,-83.559,41.253,-83.172
Mississippi,New Mexico,1,32.299,-90.185,33.177,-104.299
Georgia,Ohio,41,33.522,-84.015,40.494,-82.795
Maryland,Arizona,5,39.01,-76.912,33.059,-111.755
Louisiana,New Jersey,5,30.099,-90.297,40.297,-74.497
Louisiana,Michigan,5,30.849,-91.926,42.478,-83.272
Virginia,Nebraska,1,38.298,-77.483,41.501,-99.681
New Mexico,Massachusetts,2,35.102,-106.642,42.369,-72.283
Wisconsin,Kentucky,3,43.024,-87.944,38.375,-84.686
Tennessee,Nebraska,2,36.2,-86.792,40.888,-98.215
Iowa,California,11,41.974,-93.373,36.467,-120.392
Maryland,Alabama,2,39.101,-76.76,32.075,-87.322
Arkansas,Texas,93,34.792,-92.462,32.205,-96.469
Virginia,Alabama,17,37.906,-78.127,33.51,-86.421
Wisconsin,Ohio,7,43.496,-89.152,40.764,-83.569
Vermont,Florida,1,42.975,-72.522,28.02,-82.772
Maine,Pennsylvania,5,44.086,-70.033,40.375,-77.127
Illinois,Maryland,8,40.466,-88.164,39.21,-76.664
Alabama,Colorado,2,33.457,-86.64,38.713,-104.316
North Carolina,Pennsylvania,30,35.544,-79.746,40.323,-76.61
Oregon,Florida,8,44.716,-122.7,27.435,-81.41
Oklahoma,Louisiana,6,35.948,-97.705,30.476,-91.275
Wisconsin,Tennessee,1,42.914,-89.392,36.2,-86.792
Mississippi,Washington,4,33.152,-89.002,47.508,-122.503
Oregon,Arizona,10,45.041,-122.747,33.484,-112.095
Connecticut,Maine,3,41.105,-73.487,44.997,-68.999
Kentucky,New Jersey,2,38.405,-85.503,40.486,-74.521
Nevada,Nebraska,1,40.554,-114.532,40.803,-96.697
North Carolina,Delaware,1,36.092,-79.441,39.706,-75.542
New Jersey,Montana,2,40.736,-74.489,46.212,-110.62
Minnesota,Pennsylvania,4,44.058,-92.505,40.513,-76.197
Texas,Wyoming,9,31.281,-96.537,43.064,-108.862
Georgia,California,95,33.681,-84.167,35.313,-119.332
Mississippi,Arizona,1,31.244,-90.465,34.168,-111.932
Montana,Texas,4,46.945,-112.811,31.288,-97.139
Nebraska,New Hampshire,1,41.276,-96.053,44.001,-71.566
Louisiana,Nevada,5,30.067,-90.321,36.575,-115.893
New Jersey,Colorado,6,40.656,-74.158,39.232,-105.467
Alabama,Wisconsin,3,33.018,-86.844,43.548,-88.849
Louisiana,Minnesota,1,30.459,-91.091,44.824,-93.301
Mississippi,District of Columbia,2,33.592,-90.507,38.892,-77.027
Texas,Missouri,50,31.965,-96.676,38.207,-92.437
Kansas,Pennsylvania,5,39.12,-98.168,40.364,-76.953
District of Columbia,Oregon,4,38.903,-77.039,45.318,-122.757
Arkansas,Tennessee,66,35.095,-91.211,35.459,-88.818
West Virginia,Oklahoma,2,38.234,-80.471,36.095,-97.567
Florida,South Carolina,66,27.907,-81.626,33.715,-80.816
Nebraska,South Dakota,8,41.899,-98.33,43.31,-98.172
Arizona,Delaware,1,33.553,-112.125,39.619,-75.681
North Dakota,Florida,2,47.049,-99.726,27.13,-81.0
Arizona,Idaho,2,33.567,-111.981,42.81,-114.385
Indiana,North Carolina,11,40.19,-86.119,35.521,-80.514
Washington,Kentucky,2,47.615,-122.331,37.568,-84.749
Virginia,Idaho,1,36.895,-76.256,43.336,-111.072
Wisconsin,California,12,43.708,-88.618,35.922,-120.026
New Mexico,New Mexico,7717,34.625,-106.437,34.611,-106.42
Colorado,Kentucky,3,38.682,-105.439,38.479,-84.99
Missouri,Wyoming,2,39.352,-93.163,42.09,-108.418
West Virginia,Florida,7,38.665,-80.86,27.141,-81.363
New Jersey,Tennessee,10,40.488,-74.367,35.886,-86.399
Mississippi,Delaware,1,30.683,-89.165,39.619,-75.681
Maryland,Wisconsin,4,38.848,-76.342,43.621,-89.212
Oregon,Nebraska,1,44.966,-123.006,41.915,-100.033
South Carolina,District of Columbia,10,34.276,-81.163,38.896,-77.022
New York,Tennessee,27,40.734,-73.874,35.673,-86.47
Vermont,Connecticut,1,42.86,-72.563,41.364,-73.011
New York,Michigan,34,41.434,-75.132,42.44,-83.628
Mississippi,Missouri,9,32.907,-89.731,38.408,-92.535
Wisconsin,Arkansas,1,43.963,-88.596,36.267,-92.802
Oregon,Ohio,3,45.046,-122.794,39.909,-83.517
New Mexico,Oregon,1,35.687,-105.939,46.191,-123.816
Massachusetts,District of Columbia,11,42.198,-71.101,38.898,-77.018
South Dakota,Indiana,1,43.75,-101.943,41.588,-85.836
Nevada,West Virginia,3,36.085,-115.15,39.474,-80.339
New York,Iowa,6,41.73,-75.528,41.51,-92.642
New York,Arkansas,6,40.719,-73.951,35.382,-92.639
Kansas,North Carolina,8,39.647,-100.056,35.416,-80.429
Virginia,Tennessee,31,37.598,-79.323,36.037,-85.437
Maryland,Wyoming,1,39.087,-77.163,44.6,-105.117
Tennessee,Wisconsin,4,36.146,-86.307,43.561,-88.597
Oklahoma,New Jersey,6,35.886,-96.579,40.753,-74.37
Montana,New Jersey,1,47.5,-111.217,40.073,-74.724
Louisiana,Indiana,2,29.954,-90.068,39.811,-86.154
Minnesota,Michigan,5,45.189,-93.841,42.441,-83.76
Massachusetts,Rhode Island,180,42.059,-71.269,41.793,-71.427
Florida,Indiana,19,27.236,-81.34,39.892,-86.194
Oregon,Washington,299,45.394,-122.361,46.243,-122.093
Arkansas,Kentucky,7,35.78,-91.899,38.2,-84.774
New Jersey,Vermont,1,40.552,-74.766,42.729,-72.525
Iowa,Missouri,21,41.654,-93.224,38.844,-92.803
District of Columbia,Michigan,6,38.896,-77.03,43.106,-84.94
Nebraska,Kansas,18,40.743,-96.565,38.941,-98.405
Maryland,Texas,25,39.129,-76.74,31.275,-97.594
Pennsylvania,Arkansas,2,40.474,-75.162,36.386,-92.422
Florida,Arkansas,12,28.178,-81.891,34.984,-91.626
Colorado,New Hampshire,1,39.486,-102.633,43.077,-70.939
Louisiana,Mississippi,163,30.462,-90.678,31.989,-89.895
Rhode Island,Ohio,1,41.633,-71.496,39.628,-81.322
Pennsylvania,Texas,30,40.295,-76.943,30.72,-97.225
Virginia,New Hampshire,1,37.134,-77.914,42.974,-70.835
Louisiana,Montana,1,29.983,-90.011,47.681,-114.116
Washington,Michigan,5,47.416,-122.008,42.507,-84.137
District of Columbia,Delaware,7,38.899,-77.021,39.335,-75.429
Virginia,New Jersey,36,37.829,-77.426,40.449,-74.389
Ohio,Texas,40,39.996,-83.083,31.574,-96.508
Wisconsin,West Virginia,1,43.032,-88.185,39.007,-81.214
Nebraska,Wisconsin,3,41.284,-96.001,43.08,-87.955
Nevada,Louisiana,5,36.11,-115.125,30.284,-91.239
Texas,Michigan,30,31.145,-96.448,42.65,-84.193
Michigan,New York,29,42.696,-83.626,41.513,-74.527
Louisiana,Arizona,9,30.36,-90.992,33.269,-111.856
Missouri,Montana,1,37.202,-93.283,45.663,-111.051
South Dakota,Wisconsin,3,44.029,-96.992,43.671,-88.501
Kentucky,Indiana,216,38.128,-85.819,38.753,-86.082
Louisiana,Maryland,4,30.144,-90.571,39.09,-76.677
Indiana,Florida,20,40.149,-86.331,27.616,-81.874
Florida,Mississippi,29,28.422,-82.428,32.568,-89.632
Delaware,New Jersey,24,39.505,-75.594,40.278,-74.703
District of Columbia,Louisiana,8,38.904,-77.024,30.439,-91.046
Nevada,Michigan,12,36.129,-115.155,42.364,-83.341
Wyoming,Ohio,1,42.294,-110.328,39.066,-84.336
Missouri,Massachusetts,6,38.384,-91.954,42.347,-71.09
Nevada,Mississippi,3,36.112,-115.153,32.478,-89.779
California,South Dakota,3,35.238,-119.58,44.114,-97.66
New Hampshire,Maine,38,43.28,-70.995,43.953,-70.118
Connecticut,New Jersey,34,41.349,-73.145,40.733,-74.218
South Carolina,North Carolina,324,34.513,-80.921,35.231,-80.558
Missouri,Ohio,11,38.185,-91.62,40.003,-83.553
Kansas,Connecticut,4,38.763,-96.626,41.566,-72.524
Mississippi,New York,3,34.386,-89.316,40.647,-74.036
District of Columbia,Kentucky,5,38.896,-77.015,37.904,-85.059
New Mexico,California,73,34.506,-106.46,34.907,-118.541
Connecticut,Massachusetts,135,41.677,-72.659,42.199,-72.038
Mississippi,Pennsylvania,2,33.35,-88.654,40.297,-75.267
Alabama,Pennsylvania,4,32.85,-87.276,40.221,-77.6
Arkansas,Virginia,7,35.143,-92.302,37.944,-78.098
Utah,Michigan,2,40.702,-112.108,42.224,-83.376
Mississippi,Florida,18,31.589,-89.505,28.92,-83.342
Missouri,Virginia,3,38.038,-92.861,38.602,-77.669
Wyoming,Nebraska,9,41.748,-107.245,41.56,-101.22
New Jersey,Rhode Island,4,40.572,-74.21,41.752,-71.497
Georgia,Indiana,27,33.545,-84.01,39.935,-86.285
North Dakota,Nevada,2,47.549,-99.049,36.033,-115.086
Washington,Illinois,10,47.497,-122.305,41.468,-87.805
Michigan,Iowa,2,44.079,-85.656,42.014,-92.106
Minnesota,Georgia,9,44.95,-93.277,33.542,-84.501
Tennessee,Ohio,35,36.139,-86.109,39.974,-83.346
Mississippi,Maryland,1,31.288,-88.858,39.432,-77.418
Arizona,Utah,24,35.368,-112.419,38.865,-111.734
California,South Carolina,16,35.074,-119.132,34.192,-81.254
West Virginia,Maryland,29,39.254,-79.107,39.434,-77.846
Arkansas,Kansas,7,35.513,-92.814,38.831,-98.491
Massachusetts,South Carolina,5,42.334,-71.071,33.668,-80.161
New Mexico,Ohio,4,35.076,-105.871,41.386,-81.468
Massachusetts,Mississippi,1,42.148,-71.064,33.457,-88.822
Delaware,District of Columbia,6,39.333,-75.394,38.908,-77.024
Illinois,Oregon,4,41.87,-87.93,45.241,-122.915
Ohio,New York,55,40.657,-82.32,41.932,-76.074
Nevada,South Dakota,3,36.122,-115.164,44.084,-97.637
Texas,Iowa,30,32.054,-96.74,41.891,-93.087
New Jersey,Idaho,1,40.517,-74.301,44.936,-116.507
Michigan,Maryland,4,42.449,-84.855,39.026,-76.744
Arizona,Rhode Island,3,33.131,-111.708,41.806,-71.421
California,Maine,6,34.854,-118.594,43.882,-70.035
Mississippi,Kansas,2,34.386,-89.928,37.532,-96.672
Massachusetts,Illinois,5,42.335,-71.079,41.953,-87.834
Pennsylvania,Kansas,7,40.534,-76.174,38.108,-97.547
Rhode Island,Florida,2,41.701,-71.451,28.136,-81.592
Ohio,Oklahoma,7,39.899,-82.937,35.655,-97.376
Illinois,Virginia,12,41.317,-88.06,37.875,-77.28
Vermont,New York,39,44.341,-72.981,43.59,-74.139
Wisconsin,Alabama,2,42.898,-89.22,33.535,-86.428
Georgia,New York,80,33.668,-84.203,40.834,-74.021
Arizona,Kentucky,3,33.174,-112.8,38.049,-85.542
Rhode Island,California,1,41.509,-71.65,32.969,-116.656
South Carolina,Arkansas,1,32.885,-80.037,34.487,-93.021
Arkansas,Missouri,48,35.67,-92.781,37.49,-92.365
Kentucky,West Virginia,35,37.915,-84.054,38.442,-81.826
Washington,Nebraska,2,47.615,-122.331,41.961,-99.966
New Mexico,New Jersey,7,35.3,-107.173,40.288,-74.527
North Carolina,Ohio,27,35.533,-80.687,40.09,-82.801
North Dakota,California,1,46.914,-98.699,34.135,-117.294
Oregon,Wyoming,8,45.047,-121.478,42.774,-108.733
Idaho,Oregon,19,43.638,-115.644,44.418,-118.748
Colorado,Nebraska,29,39.704,-105.007,41.379,-98.46
Minnesota,Illinois,19,45.026,-93.186,41.424,-88.009
Colorado,Missouri,16,39.21,-104.428,38.903,-93.548
Kansas,Montana,2,39.422,-99.761,47.16,-106.828
Michigan,Georgia,22,42.701,-83.971,33.605,-84.314
New Mexico,South Carolina,6,34.078,-105.289,33.657,-80.939
Minnesota,District of Columbia,1,46.0,-94.0,38.895,-77.037
Montana,California,1,45.231,-111.452,37.858,-122.49
Illinois,Vermont,1,41.834,-87.732,43.651,-72.324
Oklahoma,Wyoming,1,34.513,-97.96,43.752,-110.722
Mississippi,Illinois,2,33.906,-89.632,41.834,-87.732
Oklahoma,New Mexico,13,35.722,-98.093,34.835,-106.465
Idaho,Wyoming,1,43.598,-116.238,41.135,-104.787
Wisconsin,Pennsylvania,3,43.094,-88.232,40.406,-78.708
District of Columbia,Arkansas,1,38.867,-76.992,36.11,-94.159
Illinois,Arizona,29,41.94,-87.947,33.553,-112.148
California,Kansas,52,34.568,-118.735,38.201,-97.535
Pennsylvania,Michigan,18,40.438,-77.654,42.433,-83.57
Pennsylvania,Delaware,45,39.977,-75.256,39.486,-75.575
Pennsylvania,South Dakota,1,39.965,-75.179,44.142,-103.085
Utah,Nebraska,6,40.895,-111.785,41.219,-98.999
Massachusetts,West Virginia,2,42.391,-71.082,38.405,-82.492
New Jersey,Kansas,7,40.434,-74.38,38.506,-97.952
California,Vermont,4,33.875,-117.998,43.974,-73.076
Kentucky,New Mexico,2,37.489,-84.309,34.344,-105.523
Ohio,Maine,3,41.653,-81.235,44.202,-68.735
Florida,Pennsylvania,50,26.874,-80.934,40.318,-76.208
Pennsylvania,Connecticut,16,40.647,-76.213,41.445,-72.815
Maine,New Hampshire,27,43.611,-70.372,43.359,-71.103
Missouri,South Carolina,5,38.403,-91.694,33.66,-80.6
Ohio,Washington,2,40.139,-83.032,47.647,-122.266
Oregon,Colorado,8,44.991,-121.691,39.061,-105.493
Ohio,Arizona,15,40.131,-82.76,33.478,-111.911
Florida,Kansas,17,27.932,-81.142,38.829,-98.067
Ohio,Nebraska,3,40.942,-82.695,41.378,-97.657
Iowa,Utah,2,41.27,-91.592,38.845,-112.015
New Mexico,North Carolina,2,32.759,-105.966,35.635,-80.126
Texas,Utah,27,31.578,-97.725,40.467,-111.672
Alabama,Virginia,6,33.187,-87.156,38.126,-78.543
Maryland,Maryland,37368,39.14,-76.782,39.14,-76.781
South Carolina,Oklahoma,3,33.949,-81.216,34.961,-97.604
Iowa,District of Columbia,1,41.551,-93.77,38.896,-77.029
North Carolina,Kansas,2,35.711,-80.703,38.659,-94.665
Florida,New Hampshire,3,27.499,-81.421,43.231,-71.479
Connecticut,South Dakota,1,41.098,-73.554,43.957,-98.143
Oklahoma,Wisconsin,2,35.177,-96.896,43.857,-90.274
Massachusetts,Nevada,4,42.289,-71.112,36.993,-115.698
New Mexico,Mississippi,1,34.507,-105.106,32.231,-90.158
Mississippi,New Jersey,2,33.778,-89.753,40.252,-74.609
Ohio,New Mexico,1,41.441,-81.864,35.085,-106.606
Nevada,California,542,36.943,-116.245,35.883,-119.043
Alabama,Kansas,1,34.451,-88.023,37.732,-101.865
Vermont,Arizona,3,43.504,-72.764,32.978,-111.236
California,Utah,59,35.144,-118.694,39.492,-112.025
Maine,California,6,43.988,-69.756,34.989,-119.066
Illinois,South Dakota,2,38.749,-89.354,44.279,-99.196
Washington,Pennsylvania,3,48.004,-122.344,40.582,-77.275
New Hampshire,Washington,1,42.996,-71.455,47.606,-122.332
Texas,Colorado,145,31.82,-97.518,39.285,-105.374
Maine,Michigan,1,44.79,-69.362,43.594,-84.772
Illinois,Utah,9,41.637,-88.198,40.069,-111.773
Idaho,Minnesota,1,43.82,-111.788,43.676,-92.97
Florida,South Dakota,1,26.438,-81.807,43.545,-96.731
Maryland,Pennsylvania,173,39.299,-76.768,40.324,-76.855
North Carolina,Louisiana,10,35.406,-80.062,30.384,-90.883
Kentucky,Vermont,1,39.084,-84.483,44.278,-73.217
New Jersey,West Virginia,4,40.845,-74.486,38.8,-80.186
Kentucky,Georgia,40,37.631,-85.315,33.331,-84.047
Virginia,Massachusetts,7,37.971,-77.95,42.257,-71.995
New York,Oklahoma,11,40.763,-73.962,36.005,-97.907
Connecticut,Colorado,3,41.239,-72.979,39.584,-104.912
Mississippi,Kentucky,6,33.978,-89.92,37.992,-85.854
Iowa,Nevada,3,41.27,-93.73,36.096,-115.139
Colorado,New York,17,39.566,-105.26,41.309,-75.18
Ohio,Utah,4,40.96,-81.439,39.524,-111.912
Illinois,Pennsylvania,27,41.24,-88.075,40.742,-77.004
Louisiana,Washington,1,29.837,-90.022,47.443,-122.296
Tennessee,Kentucky,142,36.214,-86.659,37.296,-86.202
Alabama,New Mexico,3,31.851,-87.793,33.776,-108.462
West Virginia,Iowa,1,39.629,-79.944,42.033,-93.639
California,Delaware,1,35.937,-120.047,38.775,-75.138
Virginia,Nevada,3,37.961,-77.34,36.144,-115.177
Utah,Ohio,2,38.856,-110.456,40.697,-83.864
South Dakota,North Carolina,1,44.19,-98.056,35.084,-79.174
Maine,Texas,1,43.898,-70.467,30.181,-95.54
Connecticut,Iowa,1,41.691,-72.341,40.898,-92.253
Massachusetts,Maine,20,42.358,-71.33,44.15,-69.865
Tennessee,Nevada,6,35.894,-86.762,36.784,-116.042
Virginia,Texas,29,37.939,-77.633,31.142,-96.431
Massachusetts,Iowa,1,42.314,-71.089,41.938,-93.39
New Jersey,Iowa,2,40.376,-74.272,42.034,-92.332
Maryland,New Mexico,1,39.112,-76.746,34.166,-106.026
Virginia,District of Columbia,488,38.736,-77.247,38.896,-77.019
Texas,Massachusetts,24,31.509,-96.884,42.307,-71.283
Virginia,Louisiana,7,38.218,-77.854,30.413,-91.032
West Virginia,Oregon,1,39.639,-79.996,42.375,-122.856
West Virginia,New Hampshire,3,39.35,-80.086,43.417,-71.371
Indiana,Nevada,2,40.272,-86.252,36.155,-115.187
Arkansas,New Jersey,2,34.961,-92.087,40.887,-74.027
Florida,Nebraska,6,27.153,-81.129,41.335,-97.104
Texas,Indiana,32,31.533,-96.749,39.945,-86.375
District of Columbia,Kansas,11,38.897,-77.027,38.739,-98.35
Florida,Idaho,3,26.084,-80.708,43.539,-113.427
Pennsylvania,New Jersey,636,40.111,-75.303,40.083,-74.858
California,Louisiana,19,34.608,-118.828,30.171,-90.376
Georgia,Louisiana,58,33.637,-84.319,30.318,-90.824
Wyoming,Illinois,2,43.322,-109.047,40.725,-90.902
North Dakota,New Mexico,1,48.258,-99.608,32.933,-103.343
North Dakota,Indiana,1,46.865,-96.83,39.767,-86.441
Kansas,Arizona,18,38.853,-97.088,33.424,-111.97
West Virginia,District of Columbia,5,39.241,-80.471,38.896,-77.024
Utah,Arkansas,2,40.625,-111.929,35.38,-92.875
Oklahoma,Illinois,11,35.928,-97.195,40.174,-88.199
Mississippi,Colorado,1,34.616,-89.969,39.739,-104.984
Virginia,New Mexico,3,36.983,-76.552,34.146,-105.91
Utah,New Mexico,7,39.658,-111.784,35.055,-106.087
Kansas,Idaho,3,39.236,-98.977,43.602,-116.292
West Virginia,New Mexico,1,38.418,-82.433,35.519,-108.463
Maine,Connecticut,4,43.988,-69.666,41.383,-72.904
Missouri,Oklahoma,29,37.679,-92.462,35.836,-96.641
Michigan,Wisconsin,22,44.469,-86.666,44.796,-88.752
Kentucky,Michigan,11,37.639,-84.862,42.657,-83.533
Michigan,Illinois,51,42.531,-85.001,41.714,-88.145
Kentucky,New York,8,37.983,-85.134,41.747,-74.862
Idaho,Kansas,2,43.717,-113.996,38.66,-100.602
Vermont,Vermont,1356,44.215,-72.959,44.211,-72.92
Oregon,Michigan,8,45.154,-122.06,42.43,-83.191
Arizona,Montana,1,33.639,-111.858,45.967,-112.517
Connecticut,Tennessee,2,41.462,-72.399,35.504,-85.582
South Carolina,West Virginia,3,34.693,-81.56,38.404,-81.028
Nebraska,Minnesota,10,41.292,-96.148,45.259,-93.855
North Carolina,Alabama,18,35.415,-80.085,32.773,-86.615
Virginia,Mississippi,6,37.872,-76.798,33.02,-89.697
Colorado,Arkansas,8,39.678,-105.193,34.694,-92.437
Oregon,New Mexico,1,45.589,-122.593,35.117,-106.633
Pennsylvania,Illinois,21,40.61,-78.324,40.132,-88.814
North Dakota,Texas,1,46.83,-100.764,32.932,-97.08
New Jersey,Virginia,44,40.419,-74.518,38.097,-78.088
Minnesota,Iowa,16,44.66,-93.34,42.135,-93.379
Michigan,Alabama,5,42.397,-83.684,33.72,-86.79
New Jersey,Massachusetts,20,40.517,-74.293,42.341,-71.339
Massachusetts,Montana,1,42.35,-72.2,46.332,-113.294
Michigan,Minnesota,10,42.656,-84.87,45.187,-93.907
Maryland,Louisiana,4,38.994,-76.754,30.836,-91.316
Colorado,Wyoming,19,39.602,-104.76,41.657,-105.89
Minnesota,Minnesota,21553,44.992,-93.353,45.03,-93.352
Louisiana,Kansas,4,30.889,-91.513,37.516,-96.793
Kansas,Texas,43,38.65,-98.132,31.458,-97.528
Kansas,Virginia,5,38.81,-97.722,38.125,-77.852
Wisconsin,North Dakota,2,44.018,-90.415,47.172,-98.546
Wisconsin,South Dakota,3,43.663,-88.518,44.029,-96.992
South Carolina,Florida,47,33.7,-81.076,27.618,-81.456
Massachusetts,Kansas,4,42.262,-71.045,38.769,-96.47
Utah,Minnesota,2,39.268,-112.125,45.303,-93.68
Montana,Montana,1942,46.564,-111.608,46.577,-111.532
Louisiana,Louisiana,35439,30.434,-91.009,30.446,-91.002
Mississippi,Ohio,5,33.896,-89.819,40.344,-83.316
Missouri,Florida,19,38.548,-92.526,27.571,-81.697
Ohio,Tennessee,19,40.072,-83.219,35.833,-87.458
Alabama,Nevada,5,33.908,-86.898,37.04,-115.827
Connecticut,Vermont,7,41.491,-72.654,43.714,-72.532
West Virginia,Pennsylvania,51,39.45,-80.427,40.569,-78.402
West Virginia,New Jersey,3,39.248,-80.708,40.674,-74.387
Washington,Washington,36763,47.392,-121.892,47.393,-121.884
District of Columbia,Maine,1,38.899,-77.014,43.89,-69.925
Ohio,Florida,46,40.511,-82.59,27.231,-81.157
Colorado,Washington,10,39.725,-105.713,47.566,-122.325
South Dakota,Missouri,4,43.477,-96.687,37.68,-92.371
Florida,New Jersey,55,27.33,-80.972,40.469,-74.348
Illinois,Kentucky,24,41.558,-87.873,37.924,-85.546
South Carolina,Michigan,4,33.84,-80.687,42.623,-83.27
Georgia,Texas,110,33.59,-84.208,31.539,-96.935
Mississippi,Alabama,89,32.06,-89.093,31.974,-87.289
California,Oklahoma,39,35.04,-119.028,35.982,-97.561
Texas,Tennessee,79,31.568,-96.869,35.765,-87.095
North Carolina,New York,44,35.577,-79.652,41.233,-74.621
New Mexico,Colorado,27,35.191,-106.241,38.464,-105.923
New Jersey,Maine,2,40.502,-74.691,44.892,-69.053
South Carolina,Illinois,4,33.568,-81.051,41.395,-88.446
Arkansas,North Dakota,1,34.657,-91.273,46.83,-100.764
Kentucky,Washington,1,38.999,-84.627,47.659,-117.426
Minnesota,North Dakota,50,46.823,-95.99,47.469,-97.451
Arkansas,Indiana,5,36.071,-92.154,39.524,-86.402
Kentucky,Rhode Island,1,38.196,-85.722,41.741,-71.319
North Dakota,Minnesota,67,47.18,-97.066,46.802,-95.562
Montana,Georgia,1,47.494,-111.283,32.095,-81.125
Connecticut,Connecticut,15472,41.453,-72.925,41.452,-72.927
District of Columbia,Indiana,7,38.898,-77.018,40.178,-85.716
Connecticut,Oregon,1,41.768,-72.691,44.943,-123.035
Tennessee,Rhode Island,1,35.924,-86.868,41.745,-71.318
Georgia,Arkansas,18,33.75,-84.275,34.863,-92.938
South Carolina,New York,17,34.121,-80.593,41.115,-74.195
Florida,Vermont,1,28.502,-81.368,43.872,-72.451
Michigan,Texas,26,42.397,-83.668,31.126,-96.848
Connecticut,Pennsylvania,14,41.479,-72.903,40.652,-76.436
Arizona,District of Columbia,6,33.42,-111.88,38.898,-77.015
Indiana,New Jersey,7,39.949,-85.834,40.407,-74.568
New York,Maine,4,41.191,-74.686,44.082,-69.987
New Jersey,New Hampshire,1,40.794,-74.006,43.228,-71.543
Vermont,New Hampshire,12,43.569,-72.455,43.52,-72.143
Tennessee,Indiana,22,35.833,-86.411,39.575,-86.405
Louisiana,Kentucky,6,30.177,-90.527,38.223,-85.58
Michigan,Arizona,4,42.474,-83.839,33.499,-112.161
Nevada,Iowa,3,38.864,-116.642,41.572,-92.615
North Dakota,North Carolina,1,46.865,-96.83,35.209,-80.847
Missouri,Iowa,21,38.808,-93.57,42.07,-93.261
South Carolina,Texas,26,33.702,-80.747,30.874,-97.279
Tennessee,Oregon,1,36.002,-83.973,42.327,-122.876
Oklahoma,Minnesota,3,35.463,-96.74,45.761,-93.65
North Carolina,Maine,1,35.994,-79.935,44.1,-70.215
Colorado,Utah,37,39.177,-106.17,39.32,-111.353
Ohio,Indiana,136,39.92,-83.877,39.945,-85.858
New York,Wyoming,4,40.739,-73.964,42.873,-106.501
Missouri,Texas,44,38.11,-92.075,32.143,-97.401
Minnesota,Massachusetts,2,44.991,-93.359,42.368,-71.827
New York,Missouri,12,40.727,-73.945,38.757,-92.367
Michigan,South Carolina,2,42.344,-83.441,33.612,-81.694
Indiana,Minnesota,9,40.788,-86.495,45.579,-94.061
Wisconsin,Texas,14,43.195,-88.373,31.298,-97.157
Minnesota,Tennessee,5,45.273,-93.12,36.023,-85.268
Wyoming,Idaho,9,42.586,-109.38,44.225,-114.588
New Hampshire,Maryland,1,43.078,-71.457,39.582,-76.062
Delaware,Florida,3,39.35,-75.687,27.741,-81.182
Illinois,California,100,41.562,-88.06,34.958,-119.107
Louisiana,Texas,356,30.9,-92.113,30.942,-96.583
Indiana,Colorado,7,39.207,-86.604,39.103,-105.393
Nebraska,Kentucky,1,41.276,-96.053,38.343,-85.46
Nevada,New York,33,36.15,-115.175,41.331,-74.467
Wisconsin,Wisconsin,16971,43.39,-88.529,43.447,-88.557
Wisconsin,Mississippi,2,43.748,-90.039,33.24,-89.304
Pennsylvania,West Virginia,36,40.181,-78.847,39.502,-80.335
Ohio,South Carolina,10,40.654,-82.234,33.788,-81.119
West Virginia,Georgia,1,39.369,-80.347,34.067,-84.292
New York,South Dakota,2,40.917,-73.906,43.67,-97.446
Louisiana,Missouri,8,30.191,-90.923,38.293,-90.271
Kansas,District of Columbia,8,39.283,-99.553,38.893,-77.027
Virginia,Iowa,1,38.881,-77.102,42.496,-92.355
South Carolina,Ohio,9,34.352,-81.186,40.465,-82.238
Nevada,Indiana,7,36.165,-115.162,40.358,-86.386
Massachusetts,Oklahoma,1,42.395,-71.104,35.483,-97.552
Oregon,Maryland,3,44.91,-122.99,38.817,-76.852
New Jersey,Nevada,10,40.661,-74.223,36.343,-115.185
Louisiana,Tennessee,16,30.671,-91.03,35.875,-86.999
Florida,North Carolina,105,27.555,-81.49,35.453,-79.593
District of Columbia,Georgia,33,38.892,-77.021,33.536,-83.912
New York,Utah,13,41.028,-74.028,39.578,-111.554
Louisiana,California,26,30.393,-90.768,34.794,-119.066
Oregon,Pennsylvania,4,44.716,-122.617,40.135,-76.381
Kansas,Kansas,11153,38.487,-96.355,38.481,-96.46
Pennsylvania,Ohio,124,40.82,-79.284,40.623,-82.082
Georgia,Nevada,27,33.623,-84.299,36.613,-115.57
Ohio,California,36,40.559,-82.759,35.188,-119.458
Washington,New Mexico,4,47.684,-119.025,34.978,-105.988
Alabama,California,11,32.395,-87.44,35.383,-119.524
Oregon,Connecticut,1,45.573,-122.728,41.811,-72.254
District of Columbia,Mississippi,4,38.898,-77.025,32.282,-89.937
West Virginia,Mississippi,1,39.63,-79.956,32.275,-90.132
Arizona,Virginia,6,33.172,-111.86,37.912,-77.586
California,New York,253,34.912,-119.091,41.197,-74.457
New Mexico,Wisconsin,1,32.581,-108.327,43.048,-90.904
New York,Connecticut,256,40.988,-73.849,41.331,-73.139
Colorado,California,76,39.012,-105.107,35.046,-119.123
Washington,California,58,47.486,-122.214,35.904,-119.719
Idaho,Maine,1,42.592,-114.454,44.915,-68.684
Kentucky,Massachusetts,2,38.634,-85.097,42.232,-71.096
Minnesota,South Dakota,9,44.351,-94.451,44.183,-98.899
Nevada,Kansas,15,36.379,-115.301,38.68,-98.664
Iowa,New Jersey,4,41.581,-92.797,40.521,-74.325
Arizona,Indiana,7,33.699,-111.625,39.596,-86.26
Iowa,Kansas,12,41.623,-93.361,39.043,-98.51
North Carolina,Oklahoma,11,35.793,-79.521,35.166,-97.909
Arkansas,South Carolina,2,35.741,-92.291,34.629,-82.47
Massachusetts,California,43,42.326,-71.229,35.382,-119.592
California,California,284206,35.121,-119.199,35.148,-119.199
Alabama,North Carolina,16,32.542,-86.444,35.54,-80.11
Oregon,Montana,6,45.219,-122.409,46.101,-112.042
Arizona,Wisconsin,7,33.627,-112.001,42.999,-88.082
Oklahoma,Florida,9,35.541,-97.664,27.571,-81.955
West Virginia,Connecticut,1,39.461,-77.985,41.568,-73.413
Washington,Indiana,1,47.598,-122.15,39.492,-86.053
Idaho,Arizona,3,43.955,-115.236,34.296,-111.84
South Carolina,Nevada,3,34.789,-82.208,36.067,-115.198
Washington,Oklahoma,4,47.317,-120.866,35.448,-96.76
Delaware,Missouri,1,39.158,-75.524,39.246,-94.419
Missouri,Colorado,25,38.895,-92.299,39.247,-104.834
Utah,Tennessee,4,38.276,-111.287,35.411,-87.711
California,District of Columbia,36,35.103,-119.245,38.897,-77.019
Nebraska,Utah,2,40.938,-98.545,39.242,-110.646
Washington,Tennessee,3,46.741,-121.19,35.409,-87.921
Delaware,North Carolina,5,39.393,-75.651,35.133,-79.327
California,Georgia,137,34.8,-118.977,33.51,-83.958
Pennsylvania,Oklahoma,3,40.353,-76.876,34.812,-96.619
Nebraska,Washington,2,41.231,-99.842,47.284,-122.597
Arkansas,Nevada,1,33.213,-93.529,36.061,-115.135
Arkansas,Mississippi,16,34.881,-91.756,33.825,-89.812
Kentucky,North Carolina,20,37.828,-85.087,35.549,-80.166
Alabama,Georgia,284,32.867,-86.203,33.185,-84.125
Massachusetts,Utah,4,42.314,-71.161,38.975,-111.632
Kansas,Ohio,9,39.112,-98.893,40.824,-82.682
Texas,Pennsylvania,32,30.63,-96.809,40.41,-77.11
California,Iowa,10,34.467,-117.723,42.162,-93.377
Mississippi,Virginia,3,33.644,-89.833,38.276,-78.661
South Carolina,Alabama,7,34.167,-81.045,33.347,-86.952
Nebraska,Missouri,17,41.185,-96.566,39.027,-93.094
District of Columbia,Massachusetts,10,38.897,-77.022,42.23,-71.251
District of Columbia,Ohio,12,38.898,-77.015,40.112,-83.143
New Mexico,Missouri,4,33.935,-105.303,38.825,-92.642
Tennessee,California,31,35.805,-86.537,34.866,-118.861
Rhode Island,Oklahoma,1,41.737,-71.578,34.452,-98.406
Michigan,Florida,32,42.675,-84.286,28.248,-82.175
Virginia,Colorado,7,38.442,-77.145,39.1,-105.52
South Carolina,South Dakota,1,33.689,-78.887,44.41,-103.471
Tennessee,New Mexico,5,35.865,-87.302,34.347,-106.955
South Dakota,Pennsylvania,4,43.72,-97.66,40.989,-76.287
Pennsylvania,Florida,40,40.22,-76.502,27.113,-80.952
Michigan,Missouri,6,42.704,-84.274,38.607,-92.473
Oklahoma,Ohio,6,36.072,-95.951,39.946,-84.099
Wisconsin,New Jersey,2,43.162,-89.804,40.527,-74.166
Nebraska,Massachusetts,2,41.264,-96.025,42.398,-71.303
Tennessee,Virginia,55,36.111,-84.652,37.872,-79.446
New Mexico,Alabama,3,33.984,-105.024,31.883,-87.111
Missouri,Maryland,4,37.69,-91.576,39.056,-76.909
Washington,Montana,12,47.292,-120.016,46.714,-112.63
West Virginia,Texas,3,38.298,-81.187,32.816,-97.208
Georgia,Montana,5,32.573,-81.811,46.825,-110.875
New York,Louisiana,16,41.005,-74.333,30.378,-91.041
Montana,Michigan,1,46.211,-107.749,42.789,-83.575
District of Columbia,District of Columbia,15582,38.898,-77.014,38.898,-77.014
South Carolina,Wisconsin,1,33.0,-80.172,43.184,-88.722
Nevada,Washington,21,37.85,-116.448,47.205,-122.279
Missouri,Wisconsin,4,38.433,-92.106,43.424,-88.614
Ohio,Alabama,8,40.681,-82.831,33.46,-86.598
North Carolina,New Mexico,4,35.576,-80.481,34.662,-105.568
Georgia,Kansas,17,33.66,-84.206,39.461,-99.331
Oklahoma,North Carolina,6,35.816,-97.946,35.511,-79.506
Idaho,Tennessee,1,44.323,-115.174,36.111,-89.393
Colorado,Vermont,1,39.739,-104.99,43.611,-72.973
Florida,Ohio,65,27.837,-81.766,40.661,-82.416
District of Columbia,West Virginia,11,38.897,-77.021,38.877,-79.323
New York,North Carolina,49,40.87,-73.994,35.481,-79.223
Kentucky,Oregon,1,38.253,-85.758,42.327,-122.876
Georgia,New Mexico,10,33.762,-84.425,34.69,-105.665
Utah,West Virginia,1,41.689,-113.369,37.457,-80.599
California,Mississippi,12,35.099,-119.36,33.16,-89.489
Nebraska,Florida,8,41.139,-97.228,26.786,-80.677
Maryland,South Carolina,19,39.176,-76.869,33.885,-80.538
Louisiana,Connecticut,1,29.95,-90.07,41.213,-73.209
Maryland,California,35,39.12,-76.778,34.892,-119.084
Rhode Island,Pennsylvania,1,41.877,-71.378,40.005,-75.118
Pennsylvania,Mississippi,3,40.263,-75.625,33.434,-89.312
Ohio,Arkansas,5,41.067,-81.787,35.011,-92.067
Virginia,Rhode Island,1,37.5,-79.0,41.7,-71.5
New Jersey,Wisconsin,4,40.581,-74.262,44.025,-89.189
Oregon,South Dakota,4,45.414,-122.506,43.566,-100.609
South Carolina,New Jersey,5,33.992,-79.763,40.377,-74.54
Alabama,Missouri,9,33.573,-87.019,38.071,-91.416
Minnesota,Kansas,3,44.33,-94.121,39.108,-98.645
Texas,North Dakota,3,31.478,-96.591,47.468,-100.302
New Mexico,Kentucky,2,33.876,-107.751,38.425,-85.127
Kentucky,Wyoming,2,37.253,-85.89,42.169,-106.059
California,North Dakota,1,38.495,-121.447,48.0,-100.0
Pennsylvania,Nevada,9,40.076,-76.315,36.152,-115.221
North Carolina,Arizona,10,35.468,-80.692,34.289,-111.9
Nevada,Ohio,10,36.104,-115.286,41.042,-81.976
Washington,Oregon,301,46.144,-122.234,45.289,-122.255
Alabama,Maryland,4,33.82,-86.362,39.114,-76.51
Mississippi,North Carolina,5,33.204,-89.616,35.104,-79.394
Nevada,Georgia,36,36.093,-115.153,33.373,-83.993
Vermont,California,2,42.918,-72.595,37.228,-120.511
Wisconsin,Nebraska,3,43.526,-88.601,41.103,-96.185
Virginia,Kentucky,5,37.354,-77.992,37.609,-86.403
Minnesota,Washington,4,44.752,-93.355,47.108,-122.352
Connecticut,Virginia,8,41.364,-72.985,38.138,-77.932
California,West Virginia,7,34.674,-118.884,39.177,-80.408
Washington,Utah,20,47.322,-120.799,40.189,-111.556
Connecticut,Louisiana,1,41.213,-73.209,29.95,-90.07
Michigan,Louisiana,6,42.751,-83.831,30.506,-90.895
Wisconsin,Michigan,25,44.31,-88.681,44.279,-86.082
Pennsylvania,Pennsylvania,57473,40.292,-76.705,40.328,-76.763
Washington,Georgia,16,47.323,-121.195,33.636,-84.022
Nebraska,Tennessee,2,40.777,-97.583,35.865,-83.603
California,Nebraska,11,34.837,-118.994,41.094,-98.212
Rhode Island,Washington,1,41.993,-71.478,47.606,-122.332
Indiana,Mississippi,2,39.739,-86.028,31.301,-89.619
Florida,Illinois,67,27.34,-81.345,41.737,-87.883
Nebraska,Maryland,2,41.494,-96.95,38.956,-76.693
